,unique_id,full_name,minutes,goals_scored,assists,previous_start_value,delta_value,bps,selected_by_percent,position_DEF,position_FWD,position_GK,position_MID,teams_chelsea,teams_liverpool,teams_manchestercity,teams_manchesterunited,teams_newcastleunited,teams_tottenhamhotspur,target_value
492,204-2021-22,dannyward,90.0,0.0,0.0,40.0,0.0,17.0,3.4,0,0,1,0,0,0,0,0,0,0,45.0
452,141-2021-22,kaihavertz,1802.0,8.0,4.0,85.0,-6.0,271.0,5.8,0,0,0,1,1,0,0,0,0,0,85.0
138,387-2017-18,christianeriksen,3218.0,11.0,10.0,95.0,2.0,826.0,19.4,0,0,0,1,0,0,0,0,0,1,85.0
54,139-2017-18,seamuscoleman,1035.0,0.0,1.0,65.0,-1.0,198.0,0.5,1,0,0,0,0,0,0,0,0,0,55.0
318,348-2020-21,simonmoore,0.0,0.0,0.0,45.0,-2.0,0.0,0.1,0,0,1,0,0,0,0,0,0,0,45.0
668,85-2022-23,ricohenry,3240.0,0.0,3.0,45.0,-1.0,505.0,2.6,1,0,0,0,0,0,0,0,0,0,45.0
551,296-2021-22,callumwilson,1386.0,8.0,0.0,75.0,-4.0,220.0,1.5,0,1,0,0,0,0,0,0,1,0,65.0
399,4-2021-22,pierre-emerickaubameyang,1036.0,4.0,1.0,100.0,-4.0,131.0,1.2,0,1,0,0,0,0,0,0,0,0,120.0
289,320-2020-21,andycarroll,380.0,1.0,1.0,55.0,-4.0,78.0,0.3,0,1,0,0,0,0,0,0,1,0,55.0
22,76-2017-18,matthewlowton,2295.0,0.0,3.0,45.0,-1.0,450.0,4.9,1,0,0,0,0,0,0,0,0,0,45.0
832,344-2022-23,anthonyelanga,417.0,0.0,1.0,50.0,-4.0,53.0,0.4,0,0,0,1,0,0,0,1,0,0,50.0
788,233-2022-23,jackharrison,2707.0,5.0,8.0,60.0,-3.0,403.0,2.1,0,0,0,1,0,0,0,0,0,0,60.0
833,345-2022-23,anthonymartial,970.0,6.0,3.0,70.0,-7.0,230.0,2.9,0,1,0,0,0,0,0,1,0,0,80.0
887,434-2022-23,harrywinks,0.0,0.0,0.0,45.0,-1.0,0.0,0.5,0,0,0,1,0,0,0,0,0,1,45.0
900,458-2022-23,michailantonio,1822.0,5.0,3.0,75.0,-6.0,222.0,1.5,0,1,0,0,0,0,0,0,0,0,75.0
540,248-2021-22,bendavies,0.0,0.0,0.0,40.0,0.0,0.0,0.1,1,0,0,0,0,1,0,0,0,0,50.0
625,422-2021-22,tomassoucek,3061.0,5.0,1.0,60.0,-3.0,485.0,3.4,0,0,0,1,0,0,0,0,0,0,50.0
906,467-2022-23,declanrice,3272.0,4.0,3.0,50.0,-3.0,622.0,3.2,0,0,0,1,0,0,0,0,0,0,50.0
480,363-2021-22,bamidelealli,985.0,1.0,0.0,65.0,-3.0,103.0,1.0,0,0,0,1,0,0,0,0,0,0,80.0
581,343-2021-22,janbednarek,2629.0,4.0,0.0,45.0,-1.0,499.0,1.4,1,0,0,0,0,0,0,0,0,0,45.0
142,394-2017-18,harrykane,3074.0,29.0,2.0,125.0,6.0,781.0,37.7,0,1,0,0,0,0,0,0,0,1,110.0
50,269-2017-18,timothyfosu-mensah,1592.0,0.0,0.0,45.0,-1.0,279.0,1.0,1,0,0,0,0,0,0,0,0,0,45.0
723,159-2022-23,jordanayew,2708.0,4.0,3.0,55.0,-3.0,332.0,0.4,0,0,0,1,0,0,0,0,0,0,60.0
870,409-2022-23,kylewalker-peters,2650.0,1.0,0.0,45.0,-1.0,335.0,0.6,1,0,0,0,0,0,0,0,0,0,50.0
800,283-2022-23,mohamedsalah,3290.0,19.0,13.0,130.0,1.0,651.0,37.2,0,0,0,1,0,1,0,0,0,0,125.0
799,279-2022-23,robertofirmino,1202.0,11.0,4.0,80.0,0.0,447.0,3.2,0,1,0,0,0,1,0,0,0,0,90.0
453,142-2021-22,reecejames,1863.0,5.0,9.0,55.0,10.0,573.0,19.1,1,0,0,0,1,0,0,0,0,0,50.0
81,223-2017-18,trentalexander-arnold,1573.0,1.0,2.0,45.0,-1.0,385.0,5.5,1,0,0,0,0,1,0,0,0,0,45.0
621,416-2021-22,manuellanzini,1777.0,5.0,3.0,60.0,-4.0,440.0,0.4,0,0,0,1,0,0,0,0,0,0,65.0
270,236-2020-21,wilfredndidi,2175.0,1.0,4.0,50.0,-2.0,430.0,0.7,0,0,0,1,0,0,0,0,0,0,50.0
729,168-2022-23,jean-philippemateta,748.0,2.0,0.0,55.0,-4.0,96.0,0.3,0,1,0,0,0,0,0,0,0,0,55.0
826,335-2022-23,marcusrashford,2880.0,17.0,7.0,65.0,7.0,530.0,37.8,0,0,0,1,0,0,0,1,0,0,95.0
652,38-2022-23,kortneyhause,0.0,0.0,0.0,45.0,-1.0,0.0,0.0,1,0,0,0,0,0,0,0,0,0,45.0
66,198-2017-18,harrymaguire,3420.0,2.0,4.0,50.0,5.0,716.0,10.9,1,0,0,0,0,0,0,0,0,0,45.0
649,33-2022-23,lucasdigne,1492.0,1.0,0.0,50.0,-5.0,234.0,1.2,1,0,0,0,0,0,0,0,0,0,55.0
9,480-2017-18,calumchambers,864.0,0.0,0.0,50.0,-3.0,171.0,0.4,1,0,0,0,0,0,0,0,0,0,45.0
656,45-2022-23,leonbailey,1964.0,4.0,5.0,50.0,-7.0,242.0,2.7,0,0,0,1,0,0,0,0,0,0,65.0
357,390-2020-21,heung-minson,3119.0,17.0,11.0,90.0,6.0,777.0,44.2,0,0,0,1,0,0,0,0,0,1,95.0
572,333-2021-22,fraserforster,1710.0,0.0,0.0,45.0,-1.0,330.0,1.2,0,0,1,0,0,0,0,0,0,0,40.0
465,160-2021-22,eberechieze,599.0,1.0,1.0,60.0,-1.0,125.0,0.1,0,0,0,1,0,0,0,0,0,0,60.0
602,366-2021-22,harrywinks,904.0,0.0,2.0,45.0,-1.0,175.0,1.0,0,0,0,1,0,0,0,0,0,1,55.0
743,189-2022-23,demaraigray,2501.0,4.0,1.0,55.0,-4.0,284.0,0.6,0,0,0,1,0,0,0,0,0,0,55.0
113,305-2017-18,alexmccarthy,1620.0,0.0,0.0,45.0,-1.0,278.0,0.8,0,0,1,0,0,0,0,0,0,0,45.0
350,383-2020-21,hugolloris,3420.0,0.0,0.0,55.0,1.0,702.0,6.6,0,0,1,0,0,0,0,0,0,1,55.0
663,404-2022-23,jackstephens,1218.0,0.0,0.0,45.0,-2.0,233.0,0.0,1,0,0,0,0,0,0,0,0,0,45.0
898,456-2022-23,angeloogbonna,1234.0,0.0,0.0,45.0,-1.0,217.0,0.1,1,0,0,0,0,0,0,0,0,0,50.0
64,192-2017-18,christianfuchs,1917.0,0.0,1.0,50.0,-3.0,370.0,1.9,1,0,0,0,0,0,0,0,0,0,55.0
735,110-2022-23,nealmaupay,1104.0,1.0,0.0,65.0,-9.0,86.0,0.5,0,1,0,0,0,0,0,0,0,0,65.0
271,239-2020-21,jamesjustin,2070.0,2.0,2.0,45.0,3.0,447.0,6.1,1,0,0,0,0,0,0,0,0,0,50.0
632,429-2021-22,conorcoady,3361.0,4.0,0.0,45.0,2.0,688.0,13.4,1,0,0,0,0,0,0,0,0,0,50.0
878,419-2022-23,tinolivramento,26.0,0.0,0.0,45.0,-1.0,13.0,0.0,1,0,0,0,0,0,0,0,0,0,40.0
389,452-2020-21,benjohnson,516.0,1.0,0.0,40.0,-1.0,104.0,2.2,1,0,0,0,0,0,0,0,0,0,40.0
422,63-2021-22,nealmaupay,2269.0,8.0,3.0,65.0,-3.0,295.0,4.3,0,1,0,0,0,0,0,0,0,0,65.0
20,51-2017-18,joshuaking,2450.0,8.0,4.0,75.0,-5.0,381.0,1.9,0,1,0,0,0,0,0,0,0,0,55.0
367,457-2020-21,mattdoherty,1238.0,0.0,2.0,60.0,-4.0,222.0,3.8,1,0,0,0,0,0,0,0,0,1,60.0
701,136-2022-23,rubenloftus-cheek,1530.0,0.0,1.0,50.0,0.0,228.0,0.1,0,0,0,1,1,0,0,0,0,0,55.0
719,155-2022-23,christianbenteke,0.0,0.0,0.0,55.0,0.0,0.0,0.1,0,1,0,0,0,0,0,0,0,0,65.0
673,92-2022-23,ethanpinnock,2700.0,3.0,0.0,45.0,-1.0,575.0,0.9,1,0,0,0,0,0,0,0,0,0,45.0
308,497-2020-21,jacobmurphy,1617.0,2.0,3.0,50.0,-1.0,252.0,0.1,0,0,0,1,0,0,0,0,1,0,50.0
771,264-2022-23,harveybarnes,2709.0,13.0,2.0,70.0,-4.0,379.0,1.7,0,0,0,1,0,0,0,0,0,0,70.0
751,534-2022-23,dwightmcneil,2490.0,7.0,5.0,55.0,-3.0,505.0,2.0,0,0,0,1,0,0,0,0,0,0,60.0
650,36-2022-23,morgansanson,10.0,0.0,0.0,45.0,-2.0,6.0,0.2,0,0,0,1,0,0,0,0,0,0,50.0
507,473-2021-22,ryanbertrand,337.0,0.0,0.0,50.0,-4.0,32.0,0.3,1,0,0,0,0,0,0,0,0,0,50.0
914,488-2022-23,fabiosilva,0.0,0.0,0.0,55.0,0.0,0.0,0.0,0,1,0,0,0,0,0,0,0,0,60.0
51,15-2017-18,theowalcott,1214.0,3.0,3.0,75.0,-9.0,226.0,2.1,0,0,0,1,0,0,0,0,0,0,75.0
186,25-2020-21,matteoguendouzi,0.0,0.0,0.0,50.0,-3.0,0.0,0.1,0,0,0,1,0,0,0,0,0,0,45.0
594,355-2021-22,tobyalderweireld,0.0,0.0,0.0,50.0,0.0,0.0,0.0,1,0,0,0,0,0,0,0,0,1,55.0
437,124-2021-22,rossbarkley,174.0,1.0,0.0,55.0,-3.0,43.0,0.1,0,0,0,1,1,0,0,0,0,0,60.0
25,90-2017-18,jackcork,3420.0,2.0,1.0,45.0,0.0,533.0,3.6,0,0,0,1,0,0,0,0,0,0,50.0
761,252-2022-23,nampalysmendy,746.0,1.0,0.0,45.0,-3.0,142.0,0.4,0,0,0,1,0,0,0,0,0,0,45.0
504,218-2021-22,jamesjustin,996.0,0.0,0.0,50.0,-1.0,167.0,0.6,1,0,0,0,0,0,0,0,0,0,45.0
736,178-2022-23,seamuscoleman,1654.0,1.0,0.0,45.0,-4.0,314.0,0.3,1,0,0,0,0,0,0,0,0,0,50.0
754,203-2022-23,nathanielchalobah,11.0,0.0,0.0,45.0,-1.0,2.0,0.1,0,0,0,1,0,0,0,0,0,0,50.0
188,106-2020-21,rossbarkley,1566.0,3.0,2.0,60.0,-2.0,286.0,0.7,0,0,0,1,0,0,0,0,0,0,60.0
251,115-2020-21,rubenloftus-cheek,1962.0,1.0,0.0,60.0,-1.0,178.0,0.2,0,0,0,1,0,0,0,0,0,0,65.0
623,420-2021-22,jarrodbowen,2987.0,12.0,17.0,65.0,4.0,586.0,15.0,0,0,0,1,0,0,0,0,0,0,65.0
798,278-2022-23,alexoxlade-chamberlain,332.0,1.0,0.0,50.0,-1.0,57.0,0.0,0,0,0,1,0,1,0,0,0,0,60.0
590,352-2021-22,joehart,0.0,0.0,0.0,45.0,0.0,0.0,0.0,0,0,1,0,0,0,0,0,0,1,45.0
595,356-2021-22,eriklamela,0.0,0.0,0.0,60.0,0.0,0.0,0.0,0,0,0,1,0,0,0,0,0,1,60.0
608,354-2021-22,moussasissoko,3220.0,2.0,1.0,45.0,-2.0,408.0,2.3,0,0,0,1,0,0,0,0,0,0,50.0
567,145-2021-22,billygilmour,1852.0,0.0,1.0,45.0,-2.0,283.0,3.0,0,0,0,1,0,0,0,0,0,0,45.0
867,406-2022-23,mohamedelyounoussi,2162.0,1.0,1.0,55.0,-4.0,218.0,0.1,0,0,0,1,0,0,0,0,0,0,55.0
505,219-2021-22,lukethomas,1911.0,0.0,1.0,45.0,-2.0,349.0,0.8,1,0,0,0,0,0,0,0,0,0,45.0
624,421-2021-22,declanrice,3178.0,1.0,4.0,50.0,0.0,595.0,4.3,0,0,0,1,0,0,0,0,0,0,50.0
742,188-2022-23,yerrymina,594.0,2.0,0.0,45.0,-2.0,115.0,0.4,1,0,0,0,0,0,0,0,0,0,50.0
893,443-2022-23,cristianromero,2363.0,0.0,2.0,50.0,-1.0,447.0,1.4,1,0,0,0,0,0,0,0,0,1,50.0
618,412-2021-22,andriyyarmolenko,303.0,1.0,0.0,55.0,-5.0,73.0,0.1,0,0,0,1,0,0,0,0,0,0,60.0
323,355-2020-21,johnlundstram,2027.0,0.0,2.0,55.0,-7.0,244.0,1.3,0,0,0,1,0,0,0,0,0,0,40.0
283,257-2020-21,harrywilson,0.0,0.0,0.0,55.0,-4.0,0.0,0.0,0,0,0,1,0,1,0,0,0,0,60.0
682,526-2022-23,benmee,3269.0,3.0,2.0,45.0,3.0,643.0,14.4,1,0,0,0,0,0,0,0,0,0,50.0
776,271-2022-23,patsondaka,1169.0,4.0,4.0,60.0,-4.0,231.0,0.8,0,1,0,0,0,0,0,0,0,0,75.0
218,108-2020-21,michybatshuayi,717.0,2.0,2.0,60.0,-3.0,113.0,0.6,0,1,0,0,0,0,0,0,0,0,70.0
239,152-2020-21,seamuscoleman,1607.0,0.0,3.0,50.0,-1.0,371.0,2.4,1,0,0,0,0,0,0,0,0,0,55.0
827,338-2022-23,scottmctominay,1149.0,1.0,0.0,50.0,-1.0,146.0,0.2,0,0,0,1,0,0,0,1,0,0,55.0
616,409-2021-22,angeloogbonna,921.0,1.0,0.0,50.0,-1.0,182.0,0.2,1,0,0,0,0,0,0,0,0,0,50.0
192,60-2020-21,aaronmooy,0.0,0.0,0.0,50.0,0.0,0.0,0.0,0,0,0,1,0,0,0,0,0,0,50.0
191,58-2020-21,shaneduffy,0.0,0.0,0.0,45.0,-2.0,0.0,0.0,1,0,0,0,0,0,0,0,0,0,50.0
299,332-2020-21,javiermanquillo,822.0,0.0,0.0,45.0,-3.0,136.0,0.2,1,0,0,0,0,0,0,0,1,0,45.0
330,529-2020-21,philjagielka,524.0,0.0,0.0,40.0,-1.0,53.0,0.5,1,0,0,0,0,0,0,0,0,0,45.0
132,377-2017-18,tobyalderweireld,1177.0,0.0,0.0,60.0,-2.0,247.0,5.0,1,0,0,0,0,0,0,0,0,1,65.0
835,195-2022-23,anthonygordon,1574.0,4.0,0.0,55.0,-4.0,186.0,0.9,0,0,0,1,0,0,0,0,1,0,45.0
252,177-2020-21,anthonyknockaert,0.0,0.0,0.0,55.0,-5.0,0.0,0.0,0,0,0,1,0,0,0,0,0,0,55.0
699,133-2022-23,kepaarrizabalaga,2565.0,0.0,0.0,45.0,0.0,575.0,6.4,0,0,1,0,1,0,0,0,0,0,50.0
263,227-2020-21,danielamartey,718.0,1.0,0.0,40.0,-1.0,121.0,1.2,1,0,0,0,0,0,0,0,0,0,45.0
70,204-2017-18,danielamartey,486.0,0.0,0.0,45.0,-2.0,53.0,0.2,1,0,0,0,0,0,0,0,0,0,45.0
272,518-2020-21,nampalysmendy,1452.0,0.0,1.0,45.0,-3.0,234.0,1.5,0,0,0,1,0,0,0,0,0,0,45.0
426,66-2021-22,alirezajahanbakhsh,0.0,0.0,0.0,55.0,0.0,0.0,0.0,0,0,0,1,0,0,0,0,0,0,55.0
115,307-2017-18,ryanbertrand,3135.0,0.0,5.0,55.0,-2.0,553.0,5.2,1,0,0,0,0,0,0,0,0,0,55.0
296,328-2020-21,jamaallascelles,1625.0,2.0,0.0,45.0,-3.0,229.0,0.8,1,0,0,0,0,0,0,0,1,0,45.0
565,514-2021-22,markgillespie,0.0,0.0,0.0,40.0,-1.0,0.0,0.3,0,0,1,0,0,0,0,0,1,0,45.0
706,143-2022-23,malangsarr,0.0,0.0,0.0,50.0,0.0,0.0,0.0,1,0,0,0,1,0,0,0,0,0,50.0
542,19-2021-22,josephwillock,2037.0,2.0,3.0,60.0,-7.0,248.0,0.8,0,0,0,1,0,0,0,0,1,0,50.0
597,358-2021-22,sergeaurier,0.0,0.0,0.0,50.0,-1.0,0.0,0.2,1,0,0,0,0,0,0,0,0,1,55.0
278,248-2020-21,alexoxlade-chamberlain,243.0,1.0,1.0,65.0,-2.0,58.0,0.1,0,0,0,1,0,1,0,0,0,0,65.0
2,16-2017-18,mesutözil,2161.0,4.0,9.0,95.0,-2.0,506.0,2.1,0,0,0,1,0,0,0,0,0,0,95.0
229,136-2020-21,connorwickham,0.0,0.0,0.0,45.0,-1.0,0.0,0.5,0,1,0,0,0,0,0,0,0,0,45.0
351,384-2020-21,dannyrose,0.0,0.0,0.0,50.0,-3.0,0.0,0.1,1,0,0,0,0,0,0,0,0,1,55.0
375,427-2020-21,marknoble,701.0,0.0,0.0,50.0,-5.0,132.0,0.3,0,0,0,1,0,0,0,0,0,0,50.0
885,432-2022-23,bendavies,2284.0,2.0,3.0,50.0,-3.0,470.0,1.0,1,0,0,0,0,0,0,0,0,1,40.0
199,69-2020-21,leandrotrossard,2602.0,5.0,6.0,60.0,-5.0,406.0,1.8,0,0,0,1,0,0,0,0,0,0,60.0
689,115-2022-23,stevenalzate,0.0,0.0,0.0,45.0,-1.0,0.0,0.1,0,0,0,1,0,0,0,0,0,0,50.0
435,120-2021-22,oliviergiroud,0.0,0.0,0.0,65.0,0.0,0.0,0.0,0,1,0,0,1,0,0,0,0,0,70.0
65,196-2017-18,benjaminchilwell,1848.0,0.0,2.0,45.0,-1.0,381.0,3.1,1,0,0,0,0,0,0,0,0,0,45.0
388,451-2020-21,issadiop,1379.0,2.0,0.0,45.0,-2.0,234.0,0.6,1,0,0,0,0,0,0,0,0,0,45.0
463,155-2021-22,jeffreyschlupp,1840.0,4.0,2.0,55.0,-1.0,297.0,0.1,0,0,0,1,0,0,0,0,0,0,55.0
677,96-2022-23,charliegoode,0.0,0.0,0.0,40.0,-1.0,0.0,0.4,1,0,0,0,0,0,0,0,0,0,40.0
498,210-2021-22,youritielemans,2629.0,6.0,4.0,65.0,-1.0,532.0,3.5,0,0,0,1,0,0,0,0,0,0,65.0
352,385-2020-21,moussasissoko,1576.0,0.0,0.0,50.0,-3.0,214.0,0.4,0,0,0,1,0,0,0,0,0,1,50.0
414,337-2021-22,dannyings,1891.0,7.0,6.0,80.0,-3.0,344.0,9.3,0,1,0,0,0,0,0,0,0,0,85.0
828,339-2022-23,ericbailly,0.0,0.0,0.0,40.0,0.0,0.0,0.3,1,0,0,0,0,0,0,1,0,0,50.0
273,241-2020-21,jamesmilner,1056.0,0.0,2.0,55.0,-2.0,204.0,0.1,0,0,0,1,0,1,0,0,0,0,55.0
820,315-2022-23,rodrigohernandez,2911.0,2.0,6.0,60.0,-4.0,606.0,1.9,0,0,0,1,0,0,1,0,0,0,55.0
403,13-2021-22,ainsleymaitland-niles,263.0,0.0,0.0,55.0,-3.0,44.0,0.0,0,0,0,1,0,0,0,0,0,0,50.0
692,121-2022-23,taylorrichards,0.0,0.0,0.0,45.0,0.0,0.0,0.0,0,0,0,1,0,0,0,0,0,0,45.0
177,8-2020-21,berndleno,3131.0,0.0,0.0,50.0,0.0,625.0,7.3,0,0,1,0,0,0,0,0,0,0,50.0
300,333-2020-21,emilkrafth,1286.0,1.0,1.0,45.0,-3.0,222.0,0.2,1,0,0,0,0,0,0,0,1,0,45.0
37,108-2017-18,rubenloftus-cheek,1871.0,2.0,5.0,45.0,-1.0,337.0,3.5,0,0,0,1,0,0,0,0,0,0,55.0
202,76-2020-21,yvesbissouma,3112.0,1.0,0.0,45.0,-1.0,487.0,1.6,0,0,0,1,0,0,0,0,0,0,50.0
236,486-2020-21,scottdann,1350.0,1.0,1.0,45.0,-3.0,233.0,0.5,1,0,0,0,0,0,0,0,0,0,45.0
149,417-2017-18,troydeeney,1836.0,5.0,2.0,65.0,-2.0,241.0,0.8,0,1,0,0,0,0,0,0,0,0,70.0
217,232-2020-21,benjaminchilwell,2286.0,3.0,6.0,55.0,4.0,549.0,14.6,1,0,0,0,1,0,0,0,0,0,55.0
614,408-2021-22,lukaszfabianski,3330.0,0.0,0.0,50.0,0.0,661.0,2.8,0,0,1,0,0,0,0,0,0,0,50.0
409,27-2021-22,williamsaliba,0.0,0.0,0.0,45.0,0.0,0.0,0.0,1,0,0,0,0,0,0,0,0,0,45.0
487,200-2021-22,kasperschmeichel,3330.0,0.0,0.0,50.0,0.0,706.0,18.2,0,0,1,0,0,0,0,0,0,0,55.0
902,461-2022-23,kurtzouma,1988.0,2.0,1.0,45.0,-1.0,385.0,1.4,1,0,0,0,0,0,0,0,0,0,55.0
601,364-2021-22,bendavies,2537.0,1.0,2.0,45.0,0.0,490.0,3.1,1,0,0,0,0,0,0,0,0,1,50.0
302,336-2020-21,isaachayden,1942.0,0.0,0.0,50.0,-4.0,211.0,0.0,0,0,0,1,0,0,0,0,1,0,45.0
783,226-2022-23,stuartdallas,0.0,0.0,0.0,50.0,-1.0,0.0,0.0,1,0,0,0,0,0,0,0,0,0,55.0
836,350-2022-23,mattritchie,35.0,0.0,0.0,45.0,-3.0,24.0,0.1,1,0,0,0,0,0,0,0,1,0,50.0
609,377-2021-22,dannyrose,688.0,0.0,0.0,45.0,-3.0,75.0,0.2,1,0,0,0,0,0,0,0,0,0,50.0
843,360-2022-23,jamaallascelles,214.0,0.0,0.0,45.0,-2.0,22.0,0.1,1,0,0,0,0,0,0,0,1,0,45.0
645,26-2022-23,williamsaliba,2415.0,2.0,1.0,45.0,4.0,571.0,15.6,1,0,0,0,0,0,0,0,0,0,45.0
464,157-2021-22,jairoriedewald,116.0,0.0,0.0,50.0,-3.0,16.0,0.0,0,0,0,1,0,0,0,0,0,0,45.0
830,341-2022-23,aaronwan-bissaka,1432.0,0.0,0.0,45.0,-2.0,308.0,1.8,1,0,0,0,0,0,0,1,0,0,55.0
193,61-2020-21,danburn,2057.0,1.0,0.0,45.0,-3.0,330.0,0.7,1,0,0,0,0,0,0,0,0,0,45.0
235,143-2020-21,maxmeyer,0.0,0.0,0.0,50.0,-3.0,0.0,0.0,0,0,0,1,0,0,0,0,0,0,55.0
360,394-2020-21,bamidelealli,613.0,0.0,2.0,80.0,-6.0,101.0,0.6,0,0,0,1,0,0,0,0,0,1,85.0
808,294-2022-23,harveyelliott,1600.0,1.0,2.0,50.0,-2.0,286.0,0.5,0,0,0,1,0,1,0,0,0,0,55.0
55,140-2017-18,philjagielka,2063.0,0.0,0.0,50.0,-3.0,415.0,2.7,1,0,0,0,0,0,0,0,0,0,50.0
613,407-2021-22,darrenrandolph,0.0,0.0,0.0,45.0,-2.0,0.0,0.1,0,0,1,0,0,0,0,0,0,0,45.0
96,379-2017-18,kylewalker,2784.0,0.0,6.0,65.0,1.0,691.0,12.3,1,0,0,0,0,0,1,0,0,0,55.0
141,391-2017-18,harrywinks,768.0,0.0,1.0,50.0,-2.0,167.0,0.1,0,0,0,1,0,0,0,0,0,1,45.0
644,23-2022-23,reissnelson,202.0,3.0,3.0,50.0,-3.0,127.0,0.0,0,0,0,1,0,0,0,0,0,0,50.0
839,355-2022-23,martindubravka,156.0,0.0,0.0,45.0,-4.0,49.0,0.4,0,0,1,0,0,0,0,0,1,0,45.0
500,213-2021-22,kelechiiheanacho,1253.0,4.0,6.0,75.0,-5.0,246.0,3.2,0,1,0,0,0,0,0,0,0,0,60.0
518,198-2021-22,pascalstruijk,2050.0,1.0,1.0,45.0,-2.0,339.0,0.2,1,0,0,0,0,0,0,0,0,0,40.0
120,321-2017-18,pierre-emilehøjbjerg,1666.0,0.0,0.0,45.0,-2.0,261.0,0.4,0,0,0,1,0,0,0,0,0,0,45.0
552,297-2021-22,jeffhendrick,69.0,1.0,0.0,50.0,-2.0,25.0,0.0,0,0,0,1,0,0,0,0,1,0,50.0
62,189-2017-18,kasperschmeichel,2965.0,0.0,0.0,50.0,1.0,592.0,4.1,0,0,1,0,0,0,0,0,0,0,50.0
691,118-2022-23,enockmwepu,209.0,0.0,1.0,55.0,-2.0,29.0,0.0,0,0,0,1,0,0,0,0,0,0,60.0
371,358-2020-21,callumrobinson,1552.0,5.0,3.0,55.0,-3.0,276.0,0.8,0,1,0,0,0,0,0,0,0,0,55.0
3,18-2017-18,aaronramsey,1844.0,7.0,10.0,70.0,-2.0,503.0,4.5,0,0,0,1,0,0,0,0,0,0,80.0
58,150-2017-18,jamesmccarthy,204.0,0.0,0.0,50.0,-1.0,41.0,0.0,0,0,0,1,0,0,0,0,0,0,50.0
223,129-2020-21,jamestomkins,551.0,0.0,0.0,45.0,-1.0,97.0,0.0,1,0,0,0,0,0,0,0,0,0,50.0
809,498-2022-23,rhyswilliams,0.0,0.0,0.0,40.0,0.0,0.0,0.0,1,0,0,0,0,1,0,0,0,0,45.0
101,265-2017-18,lukeshaw,787.0,0.0,0.0,50.0,-2.0,216.0,0.5,1,0,0,0,0,0,0,1,0,0,55.0
655,41-2022-23,marvelousnakamba,0.0,0.0,0.0,45.0,-2.0,0.0,0.1,0,0,0,1,0,0,0,0,0,0,45.0
221,127-2020-21,mamadousakho,275.0,0.0,0.0,45.0,-1.0,33.0,0.1,1,0,0,0,0,0,0,0,0,0,50.0
387,450-2020-21,pablofornals,2571.0,5.0,7.0,65.0,-7.0,430.0,0.5,0,0,0,1,0,0,0,0,0,0,65.0
4,21-2017-18,alexiwobi,1827.0,3.0,5.0,55.0,-4.0,426.0,1.0,0,0,0,1,0,0,0,0,0,0,60.0
52,135-2017-18,jordanpickford,3420.0,0.0,0.0,50.0,-1.0,724.0,8.3,0,0,1,0,0,0,0,0,0,0,40.0
17,46-2017-18,lewiscook,2234.0,0.0,2.0,45.0,-2.0,337.0,1.2,0,0,0,1,0,0,0,0,0,0,45.0
676,95-2022-23,bryanmbeumo,2905.0,9.0,9.0,60.0,-3.0,556.0,4.0,0,1,0,0,0,0,0,0,0,0,55.0
306,480-2020-21,seanlongstaff,1405.0,0.0,1.0,50.0,-4.0,168.0,0.1,0,0,0,1,0,0,0,0,1,0,50.0
155,431-2017-18,jonathanleko,0.0,0.0,0.0,45.0,0.0,0.0,0.0,0,0,0,1,0,0,0,0,0,0,45.0
515,193-2021-22,tylerroberts,976.0,1.0,1.0,50.0,-2.0,105.0,0.1,0,0,0,1,0,0,0,0,0,0,50.0
910,556-2022-23,conorcoventry,1.0,0.0,0.0,45.0,-1.0,3.0,0.1,0,0,0,1,0,0,0,0,0,0,45.0
248,164-2020-21,dominiccalvert-lewin,2871.0,16.0,6.0,70.0,5.0,528.0,29.5,0,1,0,0,0,0,0,0,0,0,60.0
249,165-2020-21,masonholgate,2286.0,1.0,0.0,50.0,-2.0,426.0,1.0,1,0,0,0,0,0,0,0,0,0,45.0
358,391-2020-21,ericdier,2520.0,0.0,0.0,50.0,-4.0,463.0,2.4,1,0,0,0,0,0,0,0,0,1,50.0
390,453-2020-21,johnruddy,91.0,0.0,0.0,45.0,-2.0,19.0,0.2,0,0,1,0,0,0,0,0,0,0,45.0
744,190-2022-23,tomdavies,524.0,0.0,0.0,50.0,-1.0,55.0,0.0,0,0,0,1,0,0,0,0,0,0,50.0
774,268-2022-23,jamesjustin,1252.0,0.0,2.0,45.0,-4.0,263.0,0.4,1,0,0,0,0,0,0,0,0,0,50.0
30,25-2017-18,oliviergiroud,981.0,7.0,1.0,85.0,-1.0,273.0,3.7,0,1,0,0,1,0,0,0,0,0,90.0
686,106-2022-23,lewisdunk,3240.0,1.0,1.0,45.0,3.0,648.0,8.2,1,0,0,0,0,0,0,0,0,0,50.0
880,425-2022-23,hugolloris,2205.0,0.0,0.0,55.0,-1.0,456.0,3.2,0,0,1,0,0,0,0,0,0,1,55.0
117,310-2017-18,cédricsoares,2794.0,0.0,3.0,50.0,-3.0,481.0,4.0,1,0,0,0,0,0,0,0,0,0,50.0
447,136-2021-22,tammyabraham,0.0,0.0,0.0,65.0,0.0,0.0,0.1,0,1,0,0,1,0,0,0,0,0,75.0
116,309-2017-18,matttargett,166.0,0.0,0.0,45.0,-2.0,35.0,0.1,1,0,0,0,0,0,0,0,0,0,45.0
671,88-2022-23,mathiasjensen,2805.0,5.0,7.0,50.0,-2.0,498.0,1.8,0,0,0,1,0,0,0,0,0,0,50.0
861,527-2022-23,jesselingard,918.0,0.0,1.0,60.0,-6.0,93.0,1.1,0,0,0,1,0,0,0,0,0,0,70.0
508,184-2021-22,liamcooper,1814.0,0.0,2.0,45.0,-1.0,352.0,0.3,1,0,0,0,0,0,0,0,0,0,45.0
27,153-2017-18,aaronlennon,1906.0,0.0,4.0,55.0,-1.0,204.0,0.2,0,0,0,1,0,0,0,0,0,0,60.0
381,437-2020-21,michailantonio,1972.0,10.0,5.0,65.0,2.0,345.0,10.9,0,1,0,0,0,0,0,0,0,0,70.0
307,485-2020-21,jeffhendrick,1418.0,2.0,1.0,50.0,-5.0,177.0,1.2,0,0,0,1,0,0,0,0,1,0,55.0
418,56-2021-22,shaneduffy,1434.0,1.0,1.0,40.0,0.0,288.0,7.6,1,0,0,0,0,0,0,0,0,0,45.0
538,245-2021-22,konstantinostsimikas,874.0,0.0,2.0,40.0,-3.0,202.0,12.4,1,0,0,0,0,1,0,0,0,0,50.0
200,71-2020-21,alirezajahanbakhsh,520.0,0.0,1.0,55.0,-1.0,102.0,0.0,0,0,0,1,0,0,0,0,0,0,60.0
695,48-2022-23,carneychukwuemeka,342.0,0.0,0.0,45.0,-3.0,71.0,0.3,0,0,0,1,1,0,0,0,0,0,45.0
385,447-2020-21,albianajeti,0.0,0.0,0.0,55.0,0.0,0.0,0.0,0,1,0,0,0,0,0,0,0,0,60.0
600,361-2021-22,ericdier,3071.0,0.0,1.0,45.0,2.0,680.0,6.5,1,0,0,0,0,0,0,0,0,1,50.0
825,332-2022-23,lukeshaw,2552.0,1.0,4.0,50.0,3.0,626.0,19.2,1,0,0,0,0,0,0,1,0,0,55.0
725,161-2022-23,jeffreyschlupp,2528.0,3.0,2.0,50.0,-3.0,324.0,0.1,0,0,0,1,0,0,0,0,0,0,55.0
466,161-2021-22,nathanferguson,8.0,0.0,0.0,45.0,0.0,3.0,0.0,1,0,0,0,0,0,0,0,0,0,40.0
314,344-2020-21,davidmcgoldrick,2391.0,8.0,1.0,55.0,-3.0,344.0,1.3,0,1,0,0,0,0,0,0,0,0,55.0
411,531-2021-22,reissnelson,19.0,0.0,0.0,50.0,0.0,4.0,0.0,0,0,0,1,0,0,0,0,0,0,55.0
280,254-2020-21,mohamedsalah,3077.0,22.0,6.0,120.0,9.0,657.0,43.6,0,0,0,1,0,1,0,0,0,0,125.0
866,405-2022-23,stuartarmstrong,1391.0,2.0,2.0,50.0,-3.0,221.0,0.1,0,0,0,1,0,0,0,0,0,0,60.0
353,386-2020-21,tobyalderweireld,2240.0,1.0,0.0,55.0,-1.0,469.0,1.8,1,0,0,0,0,0,0,0,0,1,55.0
859,493-2022-23,morgangibbs-white,3151.0,5.0,12.0,55.0,0.0,479.0,1.3,0,0,0,1,0,0,0,0,0,0,45.0
207,107-2020-21,mateokovacic,1809.0,0.0,1.0,55.0,-2.0,332.0,0.3,0,0,0,1,1,0,0,0,0,0,55.0
379,435-2020-21,aaroncresswell,3170.0,0.0,11.0,50.0,7.0,730.0,18.2,1,0,0,0,0,0,0,0,0,0,50.0
696,129-2022-23,marcosalonso,0.0,0.0,0.0,55.0,-2.0,0.0,0.7,1,0,0,0,1,0,0,0,0,0,55.0
722,158-2022-23,lukamilivojevic,500.0,0.0,0.0,45.0,-3.0,80.0,0.3,0,0,0,1,0,0,0,0,0,0,55.0
23,77-2017-18,benmee,2610.0,0.0,0.0,45.0,4.0,491.0,7.3,1,0,0,0,0,0,0,0,0,0,45.0
340,370-2020-21,jamesward-prowse,3420.0,8.0,7.0,60.0,-1.0,772.0,11.7,0,0,0,1,0,0,0,0,0,0,60.0
630,489-2021-22,alphonseareola,90.0,0.0,0.0,50.0,-3.0,11.0,0.7,0,0,1,0,0,0,0,0,0,0,45.0
578,339-2021-22,stuartarmstrong,1465.0,2.0,1.0,60.0,-2.0,239.0,0.2,0,0,0,1,0,0,0,0,0,0,55.0
154,426-2017-18,jakelivermore,2671.0,2.0,2.0,50.0,-2.0,375.0,0.4,0,0,0,1,0,0,0,0,0,0,50.0
785,228-2022-23,diegollorente,648.0,0.0,0.0,45.0,-1.0,115.0,0.2,1,0,0,0,0,0,0,0,0,0,45.0
662,59-2022-23,ryanfredericks,527.0,0.0,0.0,45.0,-1.0,63.0,0.0,1,0,0,0,0,0,0,0,0,0,45.0
484,503-2021-22,anthonygordon,2277.0,4.0,3.0,45.0,2.0,325.0,5.7,0,0,0,1,0,0,0,0,0,0,45.0
716,152-2022-23,vicenteguaita,2430.0,0.0,0.0,45.0,-1.0,484.0,1.4,0,0,1,0,0,0,0,0,0,0,45.0
491,203-2021-22,nampalysmendy,1032.0,0.0,0.0,45.0,-2.0,147.0,1.1,0,0,0,1,0,0,0,0,0,0,45.0
473,170-2021-22,jordanpickford,3150.0,0.0,0.0,50.0,-2.0,624.0,6.3,0,0,1,0,0,0,0,0,0,0,50.0
544,291-2021-22,jonjoshelvey,1981.0,2.0,1.0,55.0,-2.0,292.0,0.1,0,0,0,1,0,0,0,0,1,0,55.0
530,234-2021-22,andrewrobertson,2537.0,3.0,11.0,70.0,3.0,770.0,11.6,1,0,0,0,0,1,0,0,0,0,70.0
528,228-2021-22,robertofirmino,980.0,5.0,4.0,90.0,-3.0,270.0,2.4,0,1,0,0,0,1,0,0,0,0,95.0
262,225-2020-21,dennispraet,714.0,1.0,2.0,55.0,-3.0,129.0,0.1,0,0,0,1,0,0,0,0,0,0,55.0
82,225-2017-18,jordanhenderson,2169.0,1.0,1.0,55.0,-2.0,382.0,1.2,0,0,0,1,0,1,0,0,0,0,65.0
514,191-2021-22,kalvinphillips,1594.0,0.0,1.0,50.0,-3.0,209.0,0.9,0,0,0,1,0,0,0,0,0,0,50.0
407,20-2021-22,edwardnketiah,823.0,5.0,1.0,55.0,2.0,194.0,11.5,0,1,0,0,0,0,0,0,0,0,60.0
882,427-2022-23,harrykane,3406.0,30.0,9.0,115.0,0.0,1008.0,32.7,0,1,0,0,0,0,0,0,0,1,125.0
489,201-2021-22,jonnyevans,1346.0,1.0,1.0,55.0,-1.0,257.0,0.3,1,0,0,0,0,0,0,0,0,0,55.0
38,115-2017-18,waynehennessey,2430.0,0.0,0.0,45.0,-1.0,506.0,3.1,0,0,1,0,0,0,0,0,0,0,45.0
417,54-2021-22,jasonsteele,90.0,0.0,0.0,40.0,-1.0,17.0,2.8,0,0,1,0,0,0,0,0,0,0,40.0
163,444-2017-18,angeloogbonna,2880.0,1.0,0.0,45.0,-3.0,520.0,3.4,1,0,0,0,0,0,0,0,0,0,50.0
333,362-2020-21,ryanbertrand,2598.0,0.0,2.0,50.0,0.0,404.0,0.7,1,0,0,0,0,0,0,0,0,0,50.0
10,33-2017-18,stevecook,2764.0,2.0,1.0,50.0,-4.0,495.0,1.1,1,0,0,0,0,0,0,0,0,0,50.0
513,189-2021-22,patrickbamford,557.0,2.0,2.0,80.0,-3.0,90.0,2.8,0,1,0,0,0,0,0,0,0,0,55.0
319,349-2020-21,olivernorwood,2214.0,0.0,0.0,50.0,-5.0,355.0,0.1,0,0,0,1,0,0,0,0,0,0,50.0
32,97-2017-18,césarazpilicueta,3330.0,2.0,6.0,65.0,4.0,913.0,21.0,1,0,0,0,1,0,0,0,0,0,60.0
857,398-2022-23,deanhenderson,1620.0,0.0,0.0,45.0,1.0,367.0,5.2,0,0,1,0,0,0,0,0,0,0,50.0
801,284-2022-23,andrewrobertson,2579.0,0.0,8.0,70.0,-2.0,633.0,6.0,1,0,0,0,0,1,0,0,0,0,70.0
619,413-2021-22,michailantonio,2975.0,10.0,10.0,75.0,-2.0,441.0,24.3,0,1,0,0,0,0,0,0,0,0,65.0
382,438-2020-21,ryanfredericks,564.0,1.0,1.0,45.0,-3.0,127.0,0.2,1,0,0,0,0,0,0,0,0,0,45.0
281,255-2020-21,andrewrobertson,3384.0,1.0,8.0,70.0,3.0,834.0,16.5,1,0,0,0,0,1,0,0,0,0,70.0
547,294-2021-22,karldarlow,720.0,0.0,0.0,45.0,0.0,110.0,0.3,0,0,1,0,0,0,0,0,1,0,50.0
712,150-2022-23,armandobroja,285.0,1.0,1.0,55.0,-3.0,56.0,0.3,0,1,0,0,1,0,0,0,0,0,50.0
821,316-2022-23,colepalmer,358.0,0.0,1.0,45.0,-3.0,76.0,0.1,0,0,0,1,0,0,1,0,0,0,45.0
881,426-2022-23,fraserforster,1215.0,0.0,0.0,40.0,-1.0,222.0,4.4,0,0,1,0,0,0,0,0,0,1,45.0
829,340-2022-23,jadonsancho,1683.0,6.0,3.0,75.0,-4.0,375.0,3.3,0,0,0,1,0,0,0,1,0,0,95.0
378,434-2020-21,jackwilshere,0.0,0.0,0.0,50.0,-1.0,0.0,0.0,0,0,0,1,0,0,0,0,0,0,50.0
449,138-2021-22,masonmount,2358.0,11.0,11.0,75.0,2.0,597.0,21.9,0,0,0,1,1,0,0,0,0,0,70.0
786,229-2022-23,tylerroberts,0.0,0.0,0.0,50.0,0.0,0.0,0.0,0,0,0,1,0,0,0,0,0,0,50.0
89,475-2017-18,andrewrobertson,1940.0,1.0,5.0,50.0,0.0,514.0,7.4,1,0,0,0,0,1,0,0,0,0,45.0
213,120-2020-21,masonmount,2887.0,6.0,7.0,70.0,3.0,599.0,17.3,0,0,0,1,1,0,0,0,0,0,60.0
321,353-2020-21,johnegan,2628.0,0.0,1.0,50.0,-3.0,410.0,1.6,1,0,0,0,0,0,0,0,0,0,45.0
782,225-2022-23,rodrigomoreno,1928.0,13.0,2.0,60.0,3.0,368.0,4.1,0,0,0,1,0,0,0,0,0,0,65.0
133,378-2017-18,dannyrose,800.0,0.0,2.0,65.0,-1.0,136.0,0.3,1,0,0,0,0,0,0,0,0,1,60.0
346,378-2020-21,yanvalery,101.0,0.0,0.0,50.0,-3.0,12.0,0.0,1,0,0,0,0,0,0,0,0,0,50.0
43,123-2017-18,jeffreyschlupp,1742.0,0.0,2.0,50.0,-3.0,281.0,0.2,0,0,0,1,0,0,0,0,0,0,50.0
7,24-2017-18,jackwilshere,1185.0,1.0,3.0,55.0,-5.0,236.0,0.7,0,0,0,1,0,0,0,0,0,0,60.0
558,303-2021-22,emilkrafth,1636.0,0.0,1.0,45.0,-2.0,262.0,0.2,1,0,0,0,0,0,0,0,1,0,45.0
320,351-2020-21,georgebaldock,2787.0,0.0,2.0,55.0,-6.0,347.0,0.8,1,0,0,0,0,0,0,0,0,0,45.0
794,240-2022-23,crysenciosummerville,1411.0,4.0,4.0,45.0,-3.0,235.0,0.6,0,0,0,1,0,0,0,0,0,0,45.0
187,70-2020-21,mathewryan,1260.0,0.0,0.0,45.0,-4.0,216.0,5.6,0,0,1,0,0,0,0,0,0,0,45.0
586,350-2021-22,moussadjenepo,452.0,0.0,0.0,55.0,-3.0,21.0,0.0,0,0,0,1,0,0,0,0,0,0,55.0
122,325-2017-18,shanelong,1570.0,2.0,2.0,60.0,-4.0,167.0,0.5,0,1,0,0,0,0,0,0,0,0,65.0
40,118-2017-18,scottdann,1434.0,1.0,0.0,50.0,-4.0,211.0,0.3,1,0,0,0,0,0,0,0,0,0,55.0
304,338-2020-21,allansaint-maximin,1554.0,3.0,5.0,55.0,-3.0,278.0,3.1,0,0,0,1,0,0,0,0,1,0,55.0
31,96-2017-18,willycaballero,270.0,0.0,0.0,50.0,-2.0,54.0,0.1,0,0,1,0,1,0,0,0,0,0,50.0
553,298-2021-22,ryanfraser,1459.0,2.0,5.0,55.0,-4.0,263.0,0.3,0,0,0,1,0,0,0,0,1,0,60.0
172,479-2017-18,joehart,1710.0,0.0,1.0,45.0,-3.0,341.0,5.7,0,0,1,0,0,0,0,0,0,0,55.0
284,259-2020-21,trentalexander-arnold,3029.0,2.0,8.0,75.0,3.0,761.0,27.1,1,0,0,0,0,1,0,0,0,0,70.0
430,73-2021-22,stevenalzate,401.0,0.0,0.0,50.0,-2.0,77.0,0.0,0,0,0,1,0,0,0,0,0,0,45.0
805,289-2022-23,caoimhinkelleher,90.0,0.0,0.0,40.0,-1.0,20.0,0.2,0,0,1,0,0,1,0,0,0,0,45.0
240,153-2020-21,cenktosun,44.0,0.0,0.0,60.0,0.0,12.0,0.0,0,1,0,0,0,0,0,0,0,0,60.0
660,479-2022-23,leanderdendoncker,897.0,0.0,0.0,50.0,-3.0,163.0,0.1,0,0,0,1,0,0,0,0,0,0,50.0
174,4-2020-21,pierre-emerickaubameyang,2330.0,10.0,3.0,120.0,-7.0,358.0,7.2,0,0,0,1,0,0,0,0,0,0,110.0
667,84-2022-23,kristofferajer,763.0,0.0,0.0,45.0,0.0,129.0,0.1,1,0,0,0,0,0,0,0,0,0,45.0
635,440-2021-22,morgangibbs-white,7.0,0.0,0.0,45.0,0.0,0.0,0.1,0,0,0,1,0,0,0,0,0,0,50.0
245,161-2020-21,jean-philippegbamin,11.0,0.0,0.0,50.0,0.0,1.0,0.0,0,0,0,1,0,0,0,0,0,0,50.0
56,144-2017-18,masonholgate,1183.0,0.0,0.0,45.0,-5.0,214.0,1.0,1,0,0,0,0,0,0,0,0,0,45.0
511,187-2021-22,rodrigomoreno,2263.0,6.0,2.0,65.0,-2.0,351.0,2.1,0,1,0,0,0,0,0,0,0,0,60.0
71,205-2017-18,nampalysmendy,0.0,0.0,0.0,45.0,0.0,0.0,0.0,0,0,0,1,0,0,0,0,0,0,45.0
681,100-2022-23,ellerybalcombe,0.0,0.0,0.0,40.0,0.0,0.0,0.0,0,0,1,0,0,0,0,0,0,0,40.0
145,399-2017-18,craigcathcart,495.0,0.0,0.0,45.0,-1.0,90.0,0.0,1,0,0,0,0,0,0,0,0,0,45.0
90,242-2017-18,johnstones,1301.0,0.0,0.0,55.0,-2.0,334.0,3.1,1,0,0,0,0,0,1,0,0,0,50.0
166,448-2017-18,robertsnodgrass,0.0,0.0,0.0,60.0,-2.0,0.0,0.6,0,0,0,1,0,0,0,0,0,0,55.0
392,458-2020-21,willyboly,1879.0,1.0,1.0,55.0,-1.0,364.0,1.1,1,0,0,0,0,0,0,0,0,0,50.0
892,442-2022-23,joerodon,0.0,0.0,0.0,40.0,0.0,0.0,0.0,1,0,0,0,0,0,0,0,0,1,45.0
170,454-2017-18,michailantonio,1350.0,3.0,2.0,75.0,-1.0,188.0,0.2,0,1,0,0,0,0,0,0,0,0,70.0
310,507-2020-21,ryanfraser,922.0,0.0,4.0,60.0,-4.0,154.0,0.2,0,0,0,1,0,0,0,0,1,0,75.0
361,395-2020-21,bendavies,1340.0,0.0,2.0,50.0,-5.0,253.0,0.6,1,0,0,0,0,0,0,0,0,1,55.0
359,393-2020-21,paulogazzaniga,0.0,0.0,0.0,45.0,-2.0,0.0,0.2,0,0,1,0,0,0,0,0,0,1,45.0
93,247-2017-18,raheemsterling,2584.0,18.0,17.0,80.0,11.0,701.0,27.6,0,0,0,1,0,0,1,0,0,0,80.0
322,354-2020-21,jacko'connell,180.0,0.0,0.0,50.0,-3.0,19.0,0.1,1,0,0,0,0,0,0,0,0,0,45.0
420,60-2021-22,solomonmarch,1733.0,0.0,2.0,55.0,-2.0,216.0,0.1,0,0,0,1,0,0,0,0,0,0,50.0
412,10-2021-22,calumchambers,999.0,1.0,0.0,45.0,-3.0,198.0,0.4,1,0,0,0,0,0,0,0,0,0,45.0
627,424-2021-22,issadiop,961.0,0.0,1.0,45.0,-3.0,203.0,0.3,1,0,0,0,0,0,0,0,0,0,45.0
795,274-2022-23,jamesmilner,889.0,0.0,1.0,45.0,-1.0,187.0,0.6,0,0,0,1,0,1,0,0,0,0,50.0
680,99-2022-23,madsbidstrup,0.0,0.0,0.0,45.0,0.0,0.0,0.0,0,0,0,1,0,0,0,0,0,0,45.0
376,431-2020-21,lukaszfabianski,3150.0,0.0,0.0,50.0,0.0,634.0,3.2,0,0,1,0,0,0,0,0,0,0,50.0
395,470-2020-21,maxkilman,1307.0,0.0,1.0,40.0,-2.0,258.0,5.9,1,0,0,0,0,0,0,0,0,0,40.0
243,157-2020-21,jordanpickford,2742.0,0.0,0.0,50.0,-2.0,570.0,5.3,0,0,1,0,0,0,0,0,0,0,55.0
748,196-2022-23,jarradbranthwaite,0.0,0.0,0.0,40.0,0.0,0.0,0.0,1,0,0,0,0,0,0,0,0,0,40.0
87,237-2017-18,dannyings,262.0,1.0,1.0,55.0,-1.0,53.0,0.2,0,1,0,0,0,1,0,0,0,0,60.0
214,121-2020-21,fikayotomori,45.0,0.0,0.0,50.0,-3.0,8.0,0.2,1,0,0,0,1,0,0,0,0,0,45.0
889,437-2022-23,stevenbergwijn,0.0,0.0,0.0,55.0,0.0,0.0,0.0,0,0,0,1,0,0,0,0,0,1,60.0
344,376-2020-21,janbednarek,3100.0,1.0,1.0,45.0,2.0,584.0,4.6,1,0,0,0,0,0,0,0,0,0,45.0
173,2-2020-21,sokratispapastathopoulos,0.0,0.0,0.0,50.0,-2.0,0.0,0.1,1,0,0,0,0,0,0,0,0,0,50.0
770,263-2022-23,hamzachoudhury,0.0,0.0,0.0,45.0,0.0,0.0,0.0,0,0,0,1,0,0,0,0,0,0,45.0
718,154-2022-23,jamesmcarthur,50.0,0.0,0.0,50.0,-2.0,13.0,0.0,0,0,0,1,0,0,0,0,0,0,45.0
291,322-2020-21,mattritchie,1347.0,0.0,5.0,50.0,-1.0,226.0,0.1,0,0,0,1,0,0,0,0,1,0,55.0
425,65-2021-22,mathewryan,0.0,0.0,0.0,45.0,0.0,0.0,0.0,0,0,1,0,0,0,0,0,0,0,45.0
702,137-2022-23,timowerner,0.0,0.0,0.0,80.0,-1.0,0.0,0.2,0,1,0,0,1,0,0,0,0,0,90.0
118,313-2017-18,jackstephens,1980.0,2.0,0.0,50.0,-5.0,360.0,0.5,1,0,0,0,0,0,0,0,0,0,40.0
119,317-2017-18,jamesward-prowse,1708.0,3.0,5.0,55.0,-6.0,367.0,1.7,0,0,0,1,0,0,0,0,0,0,55.0
779,222-2022-23,lukeayling,2048.0,2.0,1.0,45.0,0.0,336.0,0.3,1,0,0,0,0,0,0,0,0,0,45.0
0,7-2017-18,héctorbellerín,3050.0,2.0,4.0,60.0,-1.0,656.0,10.3,1,0,0,0,0,0,0,0,0,0,65.0
394,464-2020-21,leanderdendoncker,2498.0,1.0,2.0,50.0,-4.0,330.0,0.6,0,0,0,1,0,0,0,0,0,0,45.0
401,7-2021-22,granitxhaka,2327.0,1.0,2.0,50.0,-2.0,334.0,0.4,0,0,0,1,0,0,0,0,0,0,55.0
404,14-2021-22,robholding,840.0,1.0,0.0,45.0,-4.0,152.0,0.8,1,0,0,0,0,0,0,0,0,0,45.0
557,302-2021-22,javiermanquillo,1258.0,1.0,3.0,40.0,-1.0,206.0,4.6,1,0,0,0,0,0,0,0,1,0,45.0
564,312-2021-22,matthewlongstaff,0.0,0.0,0.0,45.0,0.0,0.0,0.0,0,0,0,1,0,0,0,0,1,0,50.0
162,443-2017-18,aaroncresswell,3069.0,1.0,7.0,50.0,-1.0,613.0,3.2,1,0,0,0,0,0,0,0,0,0,55.0
114,306-2017-18,fraserforster,1800.0,0.0,0.0,50.0,-4.0,351.0,3.9,0,0,1,0,0,0,0,0,0,0,50.0
150,8-2017-18,kierangibbs,2826.0,0.0,2.0,50.0,0.0,483.0,0.4,1,0,0,0,0,0,0,0,0,0,50.0
531,235-2021-22,divockorigi,126.0,3.0,0.0,50.0,-2.0,87.0,1.4,0,1,0,0,0,1,0,0,0,0,55.0
525,224-2021-22,joelmatip,2790.0,3.0,3.0,50.0,3.0,763.0,10.1,1,0,0,0,0,1,0,0,0,0,55.0
368,482-2020-21,joehart,0.0,0.0,0.0,45.0,-3.0,0.0,0.6,0,0,1,0,0,0,0,0,0,1,45.0
477,176-2021-22,tomdavies,230.0,1.0,0.0,50.0,-2.0,44.0,0.1,0,0,0,1,0,0,0,0,0,0,55.0
897,455-2022-23,lukaszfabianski,3111.0,0.0,0.0,50.0,-1.0,622.0,1.2,0,0,1,0,0,0,0,0,0,0,50.0
592,353-2021-22,hugolloris,3420.0,0.0,0.0,55.0,0.0,703.0,8.5,0,0,1,0,0,0,0,0,0,1,55.0
868,407-2022-23,jamesward-prowse,3371.0,9.0,4.0,65.0,-4.0,747.0,4.9,0,0,0,1,0,0,0,0,0,0,65.0
258,221-2020-21,marcalbrighton,1735.0,1.0,7.0,55.0,-3.0,325.0,0.2,0,0,0,1,0,0,0,0,0,0,55.0
769,262-2022-23,kelechiiheanacho,1112.0,5.0,5.0,65.0,-7.0,237.0,0.9,0,1,0,0,0,0,0,0,0,0,75.0
135,382-2017-18,kierantrippier,1912.0,0.0,7.0,55.0,-3.0,539.0,4.8,1,0,0,0,0,0,0,0,0,1,50.0
840,356-2022-23,callumwilson,1870.0,18.0,6.0,75.0,-2.0,526.0,17.2,0,1,0,0,0,0,0,0,1,0,75.0
574,334-2021-22,alexmccarthy,1530.0,0.0,0.0,45.0,-2.0,286.0,1.2,0,0,1,0,0,0,0,0,0,0,45.0
724,160-2022-23,wilfriedzaha,2289.0,7.0,2.0,70.0,2.0,216.0,6.7,0,0,0,1,0,0,0,0,0,0,70.0
501,214-2021-22,hamzachoudhury,284.0,0.0,0.0,45.0,-1.0,41.0,0.1,0,0,0,1,0,0,0,0,0,0,50.0
591,352-2021-22,joehart,0.0,0.0,0.0,45.0,0.0,0.0,0.0,0,0,1,0,0,0,0,0,0,1,45.0
343,375-2020-21,kylewalker-peters,2646.0,0.0,3.0,45.0,2.0,498.0,4.2,1,0,0,0,0,0,0,0,0,0,50.0
611,406-2021-22,marknoble,325.0,1.0,0.0,45.0,-2.0,76.0,0.7,0,0,0,1,0,0,0,0,0,0,50.0
563,311-2021-22,jamallewis,261.0,0.0,0.0,45.0,-3.0,39.0,0.1,1,0,0,0,0,0,0,0,1,0,45.0
293,325-2020-21,karldarlow,2250.0,0.0,0.0,50.0,-1.0,450.0,1.1,0,0,1,0,0,0,0,0,1,0,45.0
364,404-2020-21,oliverskipp,0.0,0.0,0.0,45.0,-1.0,0.0,0.0,0,0,0,1,0,0,0,0,0,1,45.0
568,322-2021-22,jordanhugill,0.0,0.0,0.0,55.0,-1.0,0.0,0.0,0,1,0,0,0,0,0,0,0,0,55.0
14,39-2017-18,harryarter,959.0,1.0,0.0,50.0,-3.0,156.0,0.3,0,0,0,1,0,0,0,0,0,0,50.0
86,235-2017-18,robertofirmino,2760.0,15.0,8.0,85.0,10.0,758.0,36.1,0,1,0,0,0,1,0,0,0,0,85.0
370,56-2020-21,davidbutton,90.0,0.0,0.0,40.0,-1.0,18.0,3.6,0,0,1,0,0,0,0,0,0,0,40.0
165,446-2017-18,arthurmasuaku,1867.0,0.0,3.0,45.0,-3.0,352.0,1.2,1,0,0,0,0,0,0,0,0,0,50.0
802,285-2022-23,trentalexander-arnold,2922.0,2.0,11.0,75.0,3.0,824.0,30.7,1,0,0,0,0,1,0,0,0,0,75.0
335,365-2020-21,nathanredmond,1727.0,2.0,3.0,65.0,-1.0,243.0,0.2,0,0,0,1,0,0,0,0,0,0,65.0
59,155-2017-18,idrissagueye,2749.0,2.0,2.0,50.0,-2.0,552.0,0.9,0,0,0,1,0,0,0,0,0,0,50.0
354,387-2020-21,eriklamela,700.0,1.0,1.0,60.0,-3.0,96.0,0.1,0,0,0,1,0,0,0,0,0,1,60.0
424,65-2021-22,mathewryan,0.0,0.0,0.0,45.0,0.0,0.0,0.0,0,0,1,0,0,0,0,0,0,0,45.0
292,324-2020-21,ciaranclark,1890.0,1.0,0.0,45.0,0.0,291.0,0.2,1,0,0,0,0,0,0,0,1,0,45.0
41,119-2017-18,joelward,1613.0,0.0,1.0,50.0,-3.0,276.0,0.2,1,0,0,0,0,0,0,0,0,0,50.0
329,509-2020-21,ethanampadu,2087.0,0.0,0.0,45.0,-2.0,341.0,0.4,1,0,0,0,0,0,0,0,0,0,45.0
429,72-2021-22,aaronconnolly,154.0,0.0,0.0,55.0,-2.0,12.0,0.1,0,1,0,0,0,0,0,0,0,0,55.0
79,219-2017-18,joelmatip,1995.0,1.0,0.0,55.0,-1.0,470.0,1.7,1,0,0,0,0,1,0,0,0,0,55.0
28,334-2017-18,philbardsley,1125.0,0.0,0.0,45.0,-5.0,193.0,0.3,1,0,0,0,0,0,0,0,0,0,45.0
254,216-2020-21,wesmorgan,16.0,0.0,0.0,45.0,-1.0,9.0,0.1,1,0,0,0,0,0,0,0,0,0,45.0
679,98-2022-23,dominicthompson,0.0,0.0,0.0,40.0,0.0,0.0,0.0,1,0,0,0,0,0,0,0,0,0,45.0
458,149-2021-22,christianbenteke,1132.0,4.0,1.0,65.0,-6.0,173.0,1.2,0,1,0,0,0,0,0,0,0,0,55.0
383,439-2020-21,manuellanzini,556.0,1.0,1.0,65.0,-1.0,117.0,0.1,0,0,0,1,0,0,0,0,0,0,65.0
313,343-2020-21,billysharp,725.0,3.0,0.0,60.0,-5.0,101.0,0.1,0,1,0,0,0,0,0,0,0,0,60.0
84,230-2017-18,sadiomané,2189.0,10.0,8.0,95.0,-1.0,499.0,8.5,0,0,0,1,0,1,0,0,0,0,90.0
136,384-2017-18,ericdier,2822.0,0.0,2.0,50.0,-3.0,477.0,2.4,1,0,0,0,0,0,0,0,0,1,55.0
111,476-2017-18,andreaspereira,0.0,0.0,0.0,50.0,-1.0,0.0,0.0,0,0,0,1,0,0,0,1,0,0,45.0
194,62-2020-21,lewisdunk,2932.0,5.0,0.0,50.0,-2.0,626.0,5.9,1,0,0,0,0,0,0,0,0,0,45.0
178,9-2020-21,granitxhaka,2519.0,1.0,2.0,55.0,-3.0,396.0,0.4,0,0,0,1,0,0,0,0,0,0,55.0
806,291-2022-23,curtisjones,1029.0,3.0,1.0,50.0,-1.0,206.0,0.4,0,0,0,1,0,1,0,0,0,0,50.0
496,208-2021-22,danielamartey,2118.0,0.0,0.0,40.0,0.0,422.0,10.9,1,0,0,0,0,0,0,0,0,0,40.0
129,354-2017-18,federicofernández,2676.0,1.0,1.0,45.0,0.0,500.0,3.3,1,0,0,0,0,0,0,0,0,0,45.0
337,367-2020-21,jackstephens,1537.0,0.0,0.0,50.0,-4.0,288.0,0.2,1,0,0,0,0,0,0,0,0,0,45.0
124,99-2017-18,kurtzouma,2887.0,1.0,0.0,55.0,-1.0,554.0,2.0,1,0,0,0,0,0,0,0,0,0,55.0
869,408-2022-23,adamarmstrong,1321.0,2.0,1.0,55.0,-2.0,161.0,0.7,0,1,0,0,0,0,0,0,0,0,60.0
226,132-2020-21,christianbenteke,1808.0,10.0,2.0,55.0,0.0,338.0,1.3,0,1,0,0,0,0,0,0,0,0,60.0
268,234-2020-21,hamzachoudhury,311.0,0.0,0.0,50.0,-4.0,59.0,0.1,0,0,0,1,0,0,0,0,0,0,45.0
884,430-2022-23,ericdier,2816.0,2.0,1.0,50.0,0.0,569.0,4.8,1,0,0,0,0,0,0,0,0,1,45.0
103,271-2017-18,ericbailly,1000.0,1.0,0.0,60.0,0.0,248.0,5.7,1,0,0,0,0,0,0,1,0,0,55.0
775,270-2022-23,lukethomas,1068.0,0.0,1.0,45.0,-6.0,189.0,0.2,1,0,0,0,0,0,0,0,0,0,45.0
593,353-2021-22,hugolloris,3420.0,0.0,0.0,55.0,0.0,703.0,8.5,0,0,1,0,0,0,0,0,0,1,55.0
227,134-2020-21,joelward,2255.0,0.0,1.0,45.0,-2.0,353.0,1.2,1,0,0,0,0,0,0,0,0,0,45.0
804,287-2022-23,nabykeita,290.0,0.0,0.0,50.0,-3.0,34.0,0.0,0,0,0,1,0,1,0,0,0,0,50.0
301,335-2020-21,deandreyedlin,435.0,0.0,0.0,45.0,-2.0,68.0,0.2,1,0,0,0,0,0,0,0,1,0,45.0
275,244-2020-21,jordanhenderson,1704.0,1.0,2.0,55.0,-1.0,345.0,0.9,0,0,0,1,0,1,0,0,0,0,55.0
126,332-2017-18,erikpieters,2717.0,0.0,1.0,50.0,-3.0,456.0,0.4,1,0,0,0,0,0,0,0,0,0,45.0
405,16-2021-22,kierantierney,1916.0,1.0,3.0,50.0,-1.0,454.0,4.7,1,0,0,0,0,0,0,0,0,0,55.0
810,499-2022-23,bendavies,0.0,0.0,0.0,40.0,0.0,0.0,0.0,1,0,0,0,0,1,0,0,0,0,40.0
36,149-2017-18,rossbarkley,129.0,0.0,0.0,75.0,-2.0,11.0,0.2,0,0,0,1,1,0,0,0,0,0,75.0
139,388-2017-18,bamidelealli,2957.0,9.0,13.0,95.0,-5.0,565.0,13.8,0,0,0,1,0,0,0,0,0,1,85.0
303,337-2020-21,rolandoaarons,0.0,0.0,0.0,50.0,-2.0,0.0,0.0,0,0,0,1,0,0,0,0,1,0,50.0
267,233-2020-21,kelechiiheanacho,1452.0,12.0,2.0,60.0,2.0,424.0,19.5,0,1,0,0,0,0,0,0,0,0,60.0
533,237-2021-22,trentalexander-arnold,2853.0,2.0,12.0,75.0,9.0,864.0,37.9,1,0,0,0,0,1,0,0,0,0,75.0
545,292-2021-22,mattritchie,1333.0,0.0,2.0,50.0,-1.0,207.0,0.2,1,0,0,0,0,0,0,0,1,0,50.0
212,119-2020-21,christianpulisic,1731.0,4.0,3.0,85.0,-2.0,264.0,2.8,0,0,0,1,1,0,0,0,0,0,75.0
468,474-2021-22,joelward,2486.0,0.0,0.0,45.0,0.0,422.0,0.2,1,0,0,0,0,0,0,0,0,0,45.0
198,68-2020-21,nealmaupay,2508.0,8.0,2.0,65.0,-7.0,334.0,2.1,0,1,0,0,0,0,0,0,0,0,60.0
527,227-2021-22,alexoxlade-chamberlain,777.0,2.0,1.0,60.0,-2.0,148.0,0.2,0,0,0,1,0,1,0,0,0,0,65.0
720,156-2022-23,joelward,2253.0,1.0,0.0,45.0,-1.0,403.0,0.4,1,0,0,0,0,0,0,0,0,0,45.0
241,155-2020-21,lucasdigne,2681.0,0.0,9.0,60.0,2.0,590.0,11.4,1,0,0,0,0,0,0,0,0,0,60.0
342,372-2020-21,sofianeboufal,0.0,0.0,0.0,55.0,-1.0,0.0,0.0,0,0,0,1,0,0,0,0,0,0,55.0
549,295-2021-22,martindubravka,2340.0,0.0,0.0,45.0,-1.0,465.0,2.8,0,0,1,0,0,0,0,0,1,0,50.0
386,448-2020-21,declanrice,2880.0,2.0,1.0,50.0,-3.0,520.0,1.8,0,0,0,1,0,0,0,0,0,0,50.0
781,224-2022-23,adamforshaw,473.0,0.0,0.0,45.0,-1.0,78.0,0.0,0,0,0,1,0,0,0,0,0,0,45.0
206,104-2020-21,marcosalonso,958.0,2.0,1.0,60.0,-4.0,225.0,2.2,1,0,0,0,1,0,0,0,0,0,65.0
295,327-2020-21,florianlejeune,0.0,0.0,0.0,45.0,-2.0,0.0,0.0,1,0,0,0,0,0,0,0,1,0,45.0
834,348-2022-23,tomheaton,0.0,0.0,0.0,40.0,-2.0,0.0,0.3,0,0,1,0,0,0,0,1,0,0,40.0
73,258-2017-18,kelechiiheanacho,818.0,3.0,4.0,70.0,-5.0,171.0,0.8,0,1,0,0,0,0,0,0,0,0,70.0
675,94-2022-23,shandonbaptiste,600.0,0.0,2.0,45.0,0.0,123.0,0.2,0,0,0,1,0,0,0,0,0,0,50.0
104,274-2017-18,juanmata,1919.0,3.0,5.0,70.0,-2.0,418.0,2.0,0,0,0,1,0,0,0,1,0,0,75.0
642,8-2022-23,kierantierney,774.0,0.0,1.0,50.0,-4.0,164.0,0.8,1,0,0,0,0,0,0,0,0,0,50.0
873,412-2022-23,nathantella,0.0,0.0,0.0,50.0,0.0,0.0,0.0,0,0,0,1,0,0,0,0,0,0,50.0
16,43-2017-18,dangosling,1941.0,2.0,1.0,50.0,-2.0,254.0,0.1,0,0,0,1,0,0,0,0,0,0,50.0
439,126-2021-22,michybatshuayi,0.0,0.0,0.0,55.0,0.0,0.0,0.0,0,1,0,0,1,0,0,0,0,0,60.0
91,245-2017-18,nicolásotamendi,2966.0,4.0,0.0,55.0,9.0,742.0,25.8,1,0,0,0,0,0,1,0,0,0,60.0
88,238-2017-18,divockorigi,9.0,0.0,0.0,75.0,-1.0,3.0,0.2,0,1,0,0,0,1,0,0,0,0,70.0
450,139-2021-22,ethanampadu,0.0,0.0,0.0,45.0,0.0,0.0,0.0,1,0,0,0,1,0,0,0,0,0,45.0
102,266-2017-18,marcosrojo,639.0,0.0,0.0,55.0,-1.0,126.0,0.1,1,0,0,0,0,0,0,1,0,0,55.0
238,150-2020-21,gylfisigurdsson,2244.0,6.0,5.0,70.0,-2.0,443.0,2.9,0,0,0,1,0,0,0,0,0,0,80.0
817,309-2022-23,aymericlaporte,992.0,0.0,0.0,60.0,-4.0,210.0,0.6,1,0,0,0,0,0,1,0,0,0,55.0
246,162-2020-21,yerrymina,1936.0,2.0,0.0,55.0,0.0,399.0,1.7,1,0,0,0,0,0,0,0,0,0,55.0
777,549-2022-23,dennispraet,635.0,1.0,1.0,50.0,-2.0,115.0,0.0,0,0,0,1,0,0,0,0,0,0,50.0
157,433-2017-18,samfield,534.0,1.0,0.0,45.0,-1.0,70.0,0.1,0,0,0,1,0,0,0,0,0,0,45.0
479,178-2021-22,masonholgate,2133.0,2.0,2.0,45.0,-3.0,312.0,1.6,1,0,0,0,0,0,0,0,0,0,50.0
767,259-2022-23,youritielemans,2341.0,3.0,3.0,65.0,-4.0,461.0,1.2,0,0,0,1,0,0,0,0,0,0,65.0
747,193-2022-23,bengodfrey,801.0,0.0,1.0,45.0,-2.0,101.0,0.1,1,0,0,0,0,0,0,0,0,0,50.0
18,48-2017-18,callumwilson,1981.0,8.0,2.0,60.0,-4.0,282.0,4.5,0,1,0,0,0,0,0,0,0,0,65.0
684,102-2022-23,jasonsteele,1350.0,0.0,1.0,40.0,0.0,332.0,6.0,0,0,1,0,0,0,0,0,0,0,40.0
121,324-2017-18,nathanredmond,1938.0,1.0,3.0,65.0,-6.0,296.0,1.8,0,0,0,1,0,0,0,0,0,0,60.0
666,80-2022-23,ivantoney,2953.0,20.0,4.0,70.0,1.0,607.0,18.2,0,1,0,0,0,0,0,0,0,0,65.0
274,243-2020-21,georginiowijnaldum,2938.0,2.0,1.0,55.0,-2.0,482.0,1.2,0,0,0,1,0,1,0,0,0,0,55.0
433,480-2021-22,waynehennessey,180.0,0.0,0.0,45.0,0.0,37.0,0.3,0,0,1,0,0,0,0,0,0,0,45.0
815,303-2022-23,riyadmahrez,1913.0,5.0,12.0,80.0,-5.0,470.0,8.9,0,0,0,1,0,0,1,0,0,0,90.0
311,513-2020-21,jamallewis,1833.0,0.0,1.0,45.0,-5.0,261.0,1.1,1,0,0,0,0,0,0,0,1,0,45.0
690,117-2022-23,jakubmoder,0.0,0.0,0.0,45.0,-1.0,0.0,0.0,0,0,0,1,0,0,0,0,0,0,45.0
757,248-2022-23,kasperschmeichel,0.0,0.0,0.0,50.0,0.0,0.0,0.1,0,0,1,0,0,0,0,0,0,0,50.0
546,293-2021-22,ciaranclark,1012.0,0.0,1.0,45.0,-1.0,131.0,0.1,1,0,0,0,0,0,0,0,1,0,45.0
181,16-2020-21,robholding,2557.0,0.0,1.0,45.0,-2.0,536.0,4.7,1,0,0,0,0,0,0,0,0,0,45.0
184,21-2020-21,reissnelson,70.0,0.0,0.0,55.0,-4.0,2.0,0.0,0,0,0,1,0,0,0,0,0,0,55.0
406,18-2021-22,lucastorreira,0.0,0.0,0.0,45.0,0.0,0.0,0.1,0,0,0,1,0,0,0,0,0,0,50.0
606,373-2021-22,oliverskipp,1346.0,0.0,0.0,45.0,-1.0,180.0,0.6,0,0,0,1,0,0,0,0,0,1,45.0
520,199-2021-22,illanmeslier,3384.0,0.0,0.0,50.0,-2.0,713.0,2.0,0,0,1,0,0,0,0,0,0,0,45.0
380,436-2020-21,andriyyarmolenko,362.0,0.0,1.0,60.0,-5.0,47.0,0.1,0,0,0,1,0,0,0,0,0,0,60.0
410,67-2021-22,benwhite,2880.0,0.0,0.0,45.0,1.0,557.0,12.4,1,0,0,0,0,0,0,0,0,0,45.0
634,439-2021-22,maxkilman,2688.0,1.0,1.0,45.0,0.0,536.0,1.3,1,0,0,0,0,0,0,0,0,0,40.0
369,15-2020-21,ainsleymaitland-niles,1714.0,0.0,2.0,50.0,-4.0,273.0,0.8,1,0,0,0,0,0,0,0,0,0,50.0
737,179-2022-23,androstownsend,0.0,0.0,0.0,55.0,-1.0,0.0,0.0,0,0,0,1,0,0,0,0,0,0,55.0
755,231-2022-23,danieljames,802.0,2.0,1.0,60.0,-1.0,152.0,0.2,0,0,0,1,0,0,0,0,0,0,60.0
683,101-2022-23,adamlallana,717.0,2.0,1.0,50.0,-2.0,146.0,0.1,0,0,0,1,0,0,0,0,0,0,55.0
78,218-2017-18,josephgomez,1901.0,0.0,2.0,45.0,0.0,480.0,2.2,1,0,0,0,0,1,0,0,0,0,50.0
573,333-2021-22,fraserforster,1710.0,0.0,0.0,45.0,-1.0,330.0,1.2,0,0,1,0,0,0,0,0,0,0,40.0
637,452-2021-22,johnruddy,135.0,0.0,0.0,45.0,-2.0,20.0,0.2,0,0,1,0,0,0,0,0,0,0,45.0
607,375-2021-22,tanguyndombele,481.0,1.0,1.0,60.0,-3.0,85.0,0.2,0,0,0,1,0,0,0,0,0,1,60.0
790,235-2022-23,pascalstruijk,2198.0,2.0,2.0,45.0,0.0,423.0,0.5,1,0,0,0,0,0,0,0,0,0,45.0
899,457-2022-23,aaroncresswell,2235.0,0.0,1.0,50.0,-3.0,439.0,1.5,1,0,0,0,0,0,0,0,0,0,55.0
753,105-2022-23,shaneduffy,17.0,0.0,0.0,45.0,-3.0,12.0,0.1,1,0,0,0,0,0,0,0,0,0,40.0
838,353-2022-23,karldarlow,0.0,0.0,0.0,40.0,-1.0,0.0,0.7,0,0,1,0,0,0,0,0,1,0,45.0
416,54-2021-22,jasonsteele,90.0,0.0,0.0,40.0,-1.0,17.0,2.8,0,0,1,0,0,0,0,0,0,0,40.0
672,89-2022-23,yoanewissa,1587.0,7.0,4.0,55.0,-2.0,292.0,0.3,0,0,0,1,0,0,0,0,0,0,60.0
561,307-2021-22,allansaint-maximin,2804.0,5.0,7.0,65.0,2.0,394.0,10.9,0,1,0,0,0,0,0,0,1,0,55.0
67,199-2017-18,riyadmahrez,2948.0,12.0,13.0,85.0,2.0,682.0,8.2,0,0,0,1,0,0,0,0,0,0,95.0
536,240-2021-22,diogojota,2357.0,15.0,7.0,75.0,8.0,483.0,17.3,0,0,0,1,0,1,0,0,0,0,65.0
77,217-2017-18,nathanielclyne,173.0,0.0,0.0,55.0,-2.0,25.0,0.3,1,0,0,0,0,1,0,0,0,0,55.0
105,277-2017-18,ashleyyoung,2444.0,2.0,6.0,50.0,-2.0,479.0,2.4,1,0,0,0,0,0,0,1,0,0,55.0
911,459-2022-23,craigdawson,2134.0,1.0,1.0,50.0,-2.0,390.0,0.8,1,0,0,0,0,0,0,0,0,0,50.0
707,144-2022-23,callumhudson-odoi,0.0,0.0,0.0,55.0,-2.0,0.0,0.0,0,0,0,1,1,0,0,0,0,0,55.0
638,452-2021-22,johnruddy,135.0,0.0,0.0,45.0,-2.0,20.0,0.2,0,0,1,0,0,0,0,0,0,0,45.0
559,304-2021-22,jacobmurphy,1457.0,1.0,4.0,50.0,-4.0,215.0,0.4,0,0,0,1,0,0,0,0,1,0,50.0
789,234-2022-23,jamieshackleton,0.0,0.0,0.0,45.0,0.0,0.0,0.0,0,0,0,1,0,0,0,0,0,0,45.0
850,370-2022-23,seanlongstaff,2514.0,1.0,5.0,45.0,-2.0,347.0,1.0,0,0,0,1,0,0,0,0,1,0,45.0
791,236-2022-23,kristofferklaesson,0.0,0.0,0.0,40.0,-2.0,0.0,0.7,0,0,1,0,0,0,0,0,0,0,45.0
705,142-2022-23,masonmount,1644.0,3.0,4.0,80.0,-8.0,277.0,3.4,0,0,0,1,1,0,0,0,0,0,75.0
490,202-2021-22,marcalbrighton,1127.0,1.0,2.0,55.0,-3.0,169.0,0.1,0,0,0,1,0,0,0,0,0,0,55.0
903,462-2022-23,arthurmasuaku,0.0,0.0,0.0,45.0,0.0,0.0,0.0,1,0,0,0,0,0,0,0,0,0,45.0
766,258-2022-23,timothycastagne,3255.0,2.0,4.0,45.0,-2.0,615.0,5.5,1,0,0,0,0,0,0,0,0,0,55.0
605,371-2021-22,japhettanganga,735.0,0.0,0.0,45.0,-3.0,133.0,0.8,1,0,0,0,0,0,0,0,0,1,50.0
363,399-2020-21,ryansessegnon,0.0,0.0,0.0,50.0,-3.0,0.0,0.1,1,0,0,0,0,0,0,0,0,1,55.0
69,203-2017-18,demaraigray,1683.0,3.0,3.0,55.0,-2.0,308.0,0.6,0,0,0,1,0,0,0,0,0,0,50.0
548,294-2021-22,karldarlow,720.0,0.0,0.0,45.0,0.0,110.0,0.3,0,0,1,0,0,0,0,0,1,0,50.0
160,439-2017-18,darrenrandolph,0.0,0.0,0.0,45.0,0.0,0.0,0.0,0,0,1,0,0,0,0,0,0,0,45.0
11,35-2017-18,adamsmith,2067.0,1.0,3.0,50.0,-2.0,376.0,0.4,1,0,0,0,0,0,0,0,0,0,45.0
144,92-2017-18,andregray,1486.0,5.0,3.0,65.0,-2.0,237.0,1.3,0,1,0,0,0,0,0,0,0,0,65.0
517,197-2021-22,jamieshackleton,704.0,0.0,1.0,45.0,-1.0,94.0,0.1,0,0,0,1,0,0,0,0,0,0,50.0
427,70-2021-22,yvesbissouma,2110.0,1.0,2.0,45.0,-1.0,351.0,4.8,0,0,0,1,0,0,0,0,0,0,45.0
639,3-2022-23,granitxhaka,2992.0,7.0,8.0,50.0,-2.0,634.0,2.7,0,0,0,1,0,0,0,0,0,0,50.0
176,7-2020-21,shkodranmustafi,45.0,0.0,0.0,50.0,0.0,16.0,0.0,1,0,0,0,0,0,0,0,0,0,55.0
440,129-2021-22,kepaarrizabalaga,360.0,0.0,0.0,50.0,-5.0,89.0,0.3,0,0,1,0,1,0,0,0,0,0,50.0
521,267-2021-22,jackharrison,2638.0,8.0,1.0,60.0,-5.0,408.0,1.5,0,0,0,1,0,0,0,0,0,0,55.0
792,237-2022-23,samgreenwood,410.0,1.0,2.0,45.0,-4.0,107.0,10.8,0,1,0,0,0,0,0,0,0,0,45.0
854,295-2022-23,necowilliams,1872.0,1.0,1.0,40.0,-2.0,284.0,12.1,1,0,0,0,0,0,0,0,0,0,40.0
688,114-2022-23,tariqlamptey,439.0,0.0,0.0,45.0,-3.0,91.0,0.9,1,0,0,0,0,0,0,0,0,0,45.0
231,138-2020-21,lukamilivojevic,2357.0,1.0,1.0,60.0,-4.0,332.0,0.2,0,0,0,1,0,0,0,0,0,0,70.0
210,116-2020-21,andreaschristensen,1371.0,0.0,0.0,50.0,-3.0,323.0,1.1,1,0,0,0,1,0,0,0,0,0,50.0
640,5-2022-23,robholding,562.0,1.0,0.0,45.0,-3.0,120.0,0.2,1,0,0,0,0,0,0,0,0,0,45.0
143,511-2017-18,cameroncarter-vickers,0.0,0.0,0.0,45.0,0.0,0.0,0.0,1,0,0,0,0,0,0,0,0,1,45.0
519,199-2021-22,illanmeslier,3384.0,0.0,0.0,50.0,-2.0,713.0,2.0,0,0,1,0,0,0,0,0,0,0,45.0
909,473-2022-23,alphonseareola,307.0,0.0,0.0,45.0,-2.0,42.0,0.9,0,0,1,0,0,0,0,0,0,0,50.0
298,331-2020-21,pauldummett,1254.0,1.0,0.0,45.0,-1.0,204.0,0.1,1,0,0,0,0,0,0,0,1,0,45.0
428,71-2021-22,tariqlamptey,1547.0,0.0,2.0,45.0,0.0,308.0,1.8,1,0,0,0,0,0,0,0,0,0,45.0
612,407-2021-22,darrenrandolph,0.0,0.0,0.0,45.0,-2.0,0.0,0.1,0,0,1,0,0,0,0,0,0,0,45.0
842,359-2022-23,ryanfraser,308.0,0.0,0.0,55.0,-3.0,39.0,0.1,0,0,0,1,0,0,0,0,1,0,55.0
8,26-2017-18,dannywelbeck,1178.0,5.0,2.0,75.0,-2.0,249.0,1.2,0,1,0,0,0,0,0,0,0,0,75.0
156,432-2017-18,mattphillips,2087.0,2.0,3.0,60.0,-6.0,276.0,0.5,0,0,0,1,0,0,0,0,0,0,55.0
539,246-2021-22,necowilliams,7.0,0.0,1.0,40.0,-2.0,17.0,0.5,1,0,0,0,0,1,0,0,0,0,40.0
506,340-2021-22,jannikvestergaard,563.0,0.0,0.0,50.0,-3.0,115.0,0.4,1,0,0,0,0,0,0,0,0,0,45.0
436,122-2021-22,marcosalonso,2164.0,4.0,5.0,55.0,2.0,528.0,15.3,1,0,0,0,1,0,0,0,0,0,60.0
266,231-2020-21,jamesmaddison,2093.0,8.0,7.0,70.0,2.0,473.0,5.5,0,0,0,1,0,0,0,0,0,0,70.0
461,153-2021-22,jordanayew,2012.0,3.0,4.0,60.0,-2.0,281.0,1.0,0,1,0,0,0,0,0,0,0,0,60.0
576,336-2021-22,nathanredmond,1827.0,1.0,6.0,60.0,-1.0,313.0,0.1,0,0,0,1,0,0,0,0,0,0,65.0
338,368-2020-21,stuartarmstrong,2764.0,4.0,7.0,55.0,0.0,455.0,0.5,0,0,0,1,0,0,0,0,0,0,55.0
255,217-2020-21,kasperschmeichel,3420.0,0.0,0.0,55.0,-1.0,631.0,9.6,0,0,1,0,0,0,0,0,0,0,50.0
731,170-2022-23,tyrickmitchell,2889.0,0.0,2.0,45.0,-1.0,476.0,1.0,1,0,0,0,0,0,0,0,0,0,45.0
874,414-2022-23,yanvalery,45.0,0.0,0.0,40.0,0.0,1.0,0.3,1,0,0,0,0,0,0,0,0,0,40.0
665,78-2022-23,pontusjansson,722.0,1.0,0.0,45.0,-3.0,147.0,0.3,1,0,0,0,0,0,0,0,0,0,45.0
560,306-2021-22,isaachayden,1000.0,1.0,0.0,45.0,0.0,124.0,0.1,0,0,0,1,0,0,0,0,1,0,50.0
208,110-2020-21,kurtzouma,2027.0,5.0,0.0,50.0,3.0,481.0,8.0,1,0,0,0,1,0,0,0,0,0,50.0
287,468-2020-21,diogojota,1106.0,9.0,0.0,65.0,4.0,228.0,5.7,0,0,0,1,0,1,0,0,0,0,65.0
1,11-2017-18,robholding,819.0,0.0,1.0,50.0,-6.0,196.0,0.7,1,0,0,0,0,0,0,0,0,0,45.0
341,371-2020-21,angusgunn,0.0,0.0,0.0,45.0,-2.0,0.0,0.1,0,0,1,0,0,0,0,0,0,0,45.0
269,235-2020-21,harveybarnes,1944.0,9.0,5.0,70.0,-4.0,348.0,2.7,0,0,0,1,0,0,0,0,0,0,60.0
265,230-2020-21,demaraigray,18.0,0.0,0.0,55.0,-4.0,3.0,0.1,0,0,0,1,0,0,0,0,0,0,55.0
740,186-2022-23,alexiwobi,3379.0,2.0,8.0,55.0,-6.0,563.0,1.1,0,0,0,1,0,0,0,0,0,0,60.0
746,192-2022-23,masonholgate,506.0,0.0,0.0,45.0,-3.0,81.0,0.1,1,0,0,0,0,0,0,0,0,0,45.0
95,257-2017-18,sergioagüero,1960.0,21.0,6.0,115.0,0.0,740.0,10.7,0,1,0,0,0,0,1,0,0,0,130.0
879,420-2022-23,mohammedsalisu,1971.0,0.0,1.0,45.0,-3.0,305.0,0.1,1,0,0,0,0,0,0,0,0,0,45.0
42,120-2017-18,martinkelly,1193.0,0.0,0.0,45.0,-4.0,185.0,0.6,1,0,0,0,0,0,0,0,0,0,45.0
901,460-2022-23,manuellanzini,243.0,1.0,0.0,55.0,-5.0,63.0,0.1,0,0,0,1,0,0,0,0,0,0,60.0
907,468-2022-23,tomassoucek,2811.0,2.0,4.0,55.0,-5.0,364.0,0.6,0,0,0,1,0,0,0,0,0,0,60.0
756,470-2022-23,issadiop,2008.0,1.0,0.0,45.0,-2.0,422.0,0.3,1,0,0,0,0,0,0,0,0,0,45.0
628,425-2021-22,benjohnson,1397.0,1.0,0.0,40.0,-1.0,235.0,3.6,1,0,0,0,0,0,0,0,0,0,40.0
45,127-2017-18,jamesmcarthur,2425.0,5.0,2.0,45.0,-1.0,416.0,4.7,0,0,0,1,0,0,0,0,0,0,50.0
161,442-2017-18,winstonreid,1452.0,0.0,0.0,50.0,-2.0,264.0,0.6,1,0,0,0,0,0,0,0,0,0,50.0
727,164-2022-23,jairoriedewald,60.0,0.0,0.0,45.0,-3.0,19.0,0.0,0,0,0,1,0,0,0,0,0,0,50.0
629,489-2021-22,alphonseareola,90.0,0.0,0.0,50.0,-3.0,11.0,0.7,0,0,1,0,0,0,0,0,0,0,45.0
288,20-2020-21,josephwillock,1210.0,8.0,0.0,50.0,-1.0,254.0,4.1,0,0,0,1,0,0,0,0,1,0,50.0
589,546-2021-22,yanvalery,369.0,0.0,0.0,40.0,-1.0,62.0,0.8,1,0,0,0,0,0,0,0,0,0,50.0
813,299-2022-23,kylewalker,1953.0,0.0,0.0,50.0,-3.0,376.0,4.5,1,0,0,0,0,0,1,0,0,0,55.0
864,401-2022-23,alexmccarthy,540.0,0.0,0.0,45.0,-2.0,83.0,0.1,0,0,1,0,0,0,0,0,0,0,45.0
575,334-2021-22,alexmccarthy,1530.0,0.0,0.0,45.0,-2.0,286.0,1.2,0,0,1,0,0,0,0,0,0,0,45.0
315,345-2020-21,chrisbasham,2576.0,0.0,1.0,50.0,-4.0,408.0,0.5,1,0,0,0,0,0,0,0,0,0,45.0
230,137-2020-21,androstownsend,2250.0,1.0,5.0,60.0,-5.0,378.0,1.1,0,0,0,1,0,0,0,0,0,0,60.0
698,132-2022-23,mateokovacic,1699.0,1.0,2.0,50.0,-1.0,289.0,0.3,0,0,0,1,1,0,0,0,0,0,50.0
750,475-2022-23,conorcoady,2094.0,1.0,1.0,50.0,-3.0,397.0,3.0,1,0,0,0,0,0,0,0,0,0,45.0
711,148-2022-23,conorgallagher,1608.0,3.0,1.0,60.0,-4.0,279.0,0.7,0,0,0,1,1,0,0,0,0,0,55.0
76,214-2017-18,loriskarius,1710.0,0.0,0.0,50.0,-1.0,382.0,1.9,0,0,1,0,0,1,0,0,0,0,50.0
633,434-2021-22,leanderdendoncker,1945.0,2.0,3.0,50.0,-4.0,308.0,0.3,0,0,0,1,0,0,0,0,0,0,50.0
883,429-2022-23,mattdoherty,663.0,1.0,0.0,50.0,-4.0,147.0,0.3,1,0,0,0,0,0,0,0,0,1,50.0
247,163-2020-21,tomdavies,1417.0,0.0,1.0,55.0,-3.0,209.0,0.1,0,0,0,1,0,0,0,0,0,0,55.0
476,175-2021-22,yerrymina,844.0,0.0,0.0,50.0,-1.0,133.0,0.3,1,0,0,0,0,0,0,0,0,0,55.0
670,87-2022-23,samanghoddos,124.0,0.0,0.0,50.0,-2.0,53.0,0.0,0,0,0,1,0,0,0,0,0,0,55.0
85,232-2017-18,georginiowijnaldum,2381.0,1.0,2.0,70.0,-4.0,406.0,2.2,0,0,0,1,0,1,0,0,0,0,80.0
469,163-2021-22,fabiandelph,660.0,0.0,0.0,45.0,-3.0,118.0,1.3,0,0,0,1,0,0,0,0,0,0,50.0
225,131-2020-21,jamesmccarthy,816.0,0.0,0.0,45.0,-2.0,129.0,0.7,0,0,0,1,0,0,0,0,0,0,45.0
331,148-2020-21,theowalcott,1629.0,3.0,4.0,60.0,-2.0,185.0,0.3,0,0,0,1,0,0,0,0,0,0,65.0
233,141-2020-21,wilfriedzaha,2612.0,11.0,4.0,70.0,1.0,362.0,9.9,0,0,0,1,0,0,0,0,0,0,70.0
588,519-2021-22,shanelong,300.0,1.0,0.0,55.0,-1.0,48.0,0.2,0,1,0,0,0,0,0,0,0,0,55.0
475,174-2021-22,alexiwobi,2029.0,2.0,2.0,60.0,-2.0,312.0,0.3,0,0,0,1,0,0,0,0,0,0,60.0
812,501-2022-23,nathanielphillips,65.0,0.0,0.0,40.0,-2.0,17.0,0.6,1,0,0,0,0,1,0,0,0,0,45.0
793,238-2022-23,illanmeslier,3060.0,0.0,0.0,45.0,-1.0,548.0,1.7,0,0,1,0,0,0,0,0,0,0,50.0
599,360-2021-22,mattdoherty,871.0,2.0,5.0,50.0,-5.0,255.0,0.8,1,0,0,0,0,0,0,0,0,1,60.0
421,61-2021-22,adamwebster,1429.0,2.0,0.0,45.0,-2.0,266.0,0.3,1,0,0,0,0,0,0,0,0,0,45.0
687,108-2022-23,adamwebster,1983.0,0.0,0.0,45.0,0.0,405.0,0.5,1,0,0,0,0,0,0,0,0,0,45.0
182,17-2020-21,kierantierney,2299.0,1.0,4.0,55.0,-3.0,483.0,4.3,1,0,0,0,0,0,0,0,0,0,55.0
617,411-2021-22,aaroncresswell,2726.0,2.0,4.0,55.0,-1.0,578.0,7.9,1,0,0,0,0,0,0,0,0,0,50.0
332,361-2020-21,shanelong,201.0,0.0,0.0,55.0,-4.0,21.0,0.4,0,1,0,0,0,0,0,0,0,0,50.0
438,125-2021-22,mateokovacic,1552.0,2.0,5.0,50.0,-1.0,348.0,1.7,0,0,0,1,1,0,0,0,0,0,55.0
49,221-2017-18,mamadousakho,1597.0,1.0,2.0,50.0,-4.0,405.0,1.0,1,0,0,0,0,0,0,0,0,0,50.0
5,22-2017-18,mohamedelneny,865.0,0.0,1.0,45.0,-3.0,156.0,3.0,0,0,0,1,0,0,0,0,0,0,50.0
529,233-2021-22,mohamedsalah,2758.0,23.0,14.0,125.0,6.0,756.0,41.0,0,0,0,1,0,1,0,0,0,0,120.0
234,142-2020-21,jeffreyschlupp,1415.0,2.0,3.0,55.0,-2.0,194.0,0.1,0,0,0,1,0,0,0,0,0,0,55.0
486,544-2021-22,jarradbranthwaite,387.0,1.0,0.0,40.0,0.0,49.0,0.3,1,0,0,0,0,0,0,0,0,0,40.0
822,325-2022-23,kalvinphillips,291.0,0.0,0.0,50.0,-2.0,68.0,0.1,0,0,0,1,0,0,1,0,0,0,50.0
497,209-2021-22,timothycastagne,2124.0,1.0,0.0,55.0,-2.0,365.0,1.5,1,0,0,0,0,0,0,0,0,0,55.0
818,310-2022-23,zacksteffen,0.0,0.0,0.0,40.0,0.0,0.0,0.0,0,0,1,0,0,0,1,0,0,0,45.0
106,279-2017-18,jesselingard,1807.0,8.0,6.0,60.0,0.0,450.0,10.3,0,0,0,1,0,0,0,1,0,0,60.0
443,132-2021-22,rubenloftus-cheek,1384.0,0.0,3.0,55.0,-1.0,251.0,0.2,0,0,0,1,1,0,0,0,0,0,60.0
488,200-2021-22,kasperschmeichel,3330.0,0.0,0.0,50.0,0.0,706.0,18.2,0,0,1,0,0,0,0,0,0,0,55.0
646,111-2022-23,leandrotrossard,2237.0,8.0,13.0,65.0,1.0,494.0,7.2,0,0,0,1,0,0,0,0,0,0,65.0
12,36-2017-18,tyronemings,201.0,0.0,0.0,45.0,-3.0,40.0,0.2,1,0,0,0,0,0,0,0,0,0,45.0
738,180-2022-23,michaelkeane,983.0,1.0,2.0,45.0,-3.0,180.0,0.5,1,0,0,0,0,0,0,0,0,0,50.0
726,163-2022-23,willhughes,822.0,1.0,1.0,50.0,-2.0,152.0,0.0,0,0,0,1,0,0,0,0,0,0,50.0
190,54-2020-21,adamlallana,1584.0,1.0,1.0,65.0,-3.0,265.0,0.3,0,0,0,1,0,0,0,0,0,0,60.0
860,518-2022-23,waynehennessey,271.0,0.0,0.0,40.0,-1.0,46.0,1.4,0,0,1,0,0,0,0,0,0,0,45.0
282,256-2020-21,divockorigi,180.0,0.0,0.0,55.0,-4.0,23.0,0.6,0,1,0,0,0,1,0,0,0,0,55.0
29,469-2017-18,nickpope,3114.0,0.0,0.0,45.0,5.0,701.0,10.1,0,0,1,0,0,0,0,0,0,0,40.0
169,453-2017-18,manuellanzini,2039.0,5.0,7.0,70.0,-4.0,470.0,0.8,0,0,0,1,0,0,0,0,0,0,65.0
180,14-2020-21,seadkolasinac,90.0,0.0,0.0,50.0,-2.0,9.0,0.1,1,0,0,0,0,0,0,0,0,0,55.0
100,264-2017-18,philjones,1973.0,0.0,0.0,50.0,5.0,554.0,5.2,1,0,0,0,0,0,0,1,0,0,50.0
197,66-2020-21,adamwebster,2594.0,1.0,0.0,45.0,-2.0,470.0,1.0,1,0,0,0,0,0,0,0,0,0,45.0
495,206-2021-22,dennispraet,0.0,0.0,0.0,50.0,-1.0,0.0,0.0,0,0,0,1,0,0,0,0,0,0,55.0
721,157-2022-23,nathanielclyne,1638.0,0.0,0.0,45.0,0.0,246.0,0.1,1,0,0,0,0,0,0,0,0,0,45.0
647,313-2022-23,oleksandrzinchenko,2122.0,1.0,2.0,50.0,0.0,500.0,9.0,1,0,0,0,0,0,0,0,0,0,55.0
888,436-2022-23,ryansessegnon,805.0,2.0,1.0,45.0,-1.0,121.0,0.5,1,0,0,0,0,0,0,0,0,1,45.0
847,365-2022-23,jacobmurphy,1230.0,4.0,2.0,45.0,-3.0,240.0,3.2,0,0,0,1,0,0,0,0,1,0,50.0
710,147-2022-23,edouardmendy,855.0,0.0,0.0,50.0,-2.0,132.0,5.8,0,0,1,0,1,0,0,0,0,0,60.0
373,428-2020-21,robertsnodgrass,528.0,0.0,0.0,60.0,-4.0,76.0,0.1,0,0,0,1,0,0,0,0,0,0,55.0
678,97-2022-23,marcusforss,0.0,0.0,0.0,45.0,0.0,0.0,0.0,0,1,0,0,0,0,0,0,0,0,55.0
807,292-2022-23,konstantinostsimikas,762.0,0.0,4.0,45.0,-2.0,216.0,0.4,1,0,0,0,0,1,0,0,0,0,40.0
648,32-2022-23,calumchambers,345.0,0.0,0.0,45.0,-3.0,67.0,0.2,1,0,0,0,0,0,0,0,0,0,45.0
797,276-2022-23,joelmatip,1091.0,1.0,0.0,60.0,-1.0,216.0,0.9,1,0,0,0,0,1,0,0,0,0,50.0
460,152-2021-22,lukamilivojevic,767.0,0.0,0.0,55.0,-3.0,118.0,0.0,0,0,0,1,0,0,0,0,0,0,60.0
413,168-2021-22,lucasdigne,2440.0,0.0,4.0,55.0,-5.0,459.0,5.9,1,0,0,0,0,0,0,0,0,0,60.0
131,375-2017-18,hugolloris,3240.0,0.0,0.0,55.0,0.0,694.0,9.3,0,0,1,0,0,0,0,0,0,1,55.0
39,117-2017-18,jamestomkins,2386.0,3.0,0.0,45.0,-1.0,512.0,4.4,1,0,0,0,0,0,0,0,0,0,50.0
434,480-2021-22,waynehennessey,180.0,0.0,0.0,45.0,0.0,37.0,0.3,0,0,1,0,0,0,0,0,0,0,45.0
215,122-2020-21,callumhudson-odoi,1050.0,2.0,3.0,60.0,-3.0,239.0,0.4,0,0,0,1,1,0,0,0,0,0,60.0
555,300-2021-22,dwightgayle,34.0,0.0,0.0,55.0,-3.0,22.0,0.2,0,1,0,0,0,0,0,0,1,0,60.0
566,514-2021-22,markgillespie,0.0,0.0,0.0,40.0,-1.0,0.0,0.3,0,0,1,0,0,0,0,0,1,0,45.0
762,253-2022-23,jannikvestergaard,0.0,0.0,0.0,40.0,-2.0,0.0,4.9,1,0,0,0,0,0,0,0,0,0,50.0
474,170-2021-22,jordanpickford,3150.0,0.0,0.0,50.0,-2.0,624.0,6.3,0,0,1,0,0,0,0,0,0,0,50.0
456,147-2021-22,jamestomkins,545.0,1.0,0.0,45.0,-2.0,97.0,0.1,1,0,0,0,0,0,0,0,0,0,45.0
811,499-2022-23,bendavies,0.0,0.0,0.0,40.0,0.0,0.0,0.0,1,0,0,0,0,1,0,0,0,0,45.0
260,223-2020-21,dannyward,0.0,0.0,0.0,45.0,-2.0,0.0,0.2,0,0,1,0,0,0,0,0,0,0,45.0
35,113-2017-18,michybatshuayi,351.0,2.0,1.0,85.0,-4.0,77.0,0.5,0,1,0,0,1,0,0,0,0,0,90.0
309,506-2020-21,callumwilson,2081.0,12.0,6.0,65.0,0.0,409.0,5.1,0,1,0,0,0,0,0,0,1,0,80.0
276,246-2020-21,joelmatip,690.0,1.0,2.0,55.0,-1.0,194.0,0.4,1,0,0,0,0,1,0,0,0,0,55.0
636,445-2021-22,fabiosilva,562.0,0.0,1.0,60.0,-4.0,43.0,0.4,0,1,0,0,0,0,0,0,0,0,55.0
654,40-2022-23,olliewatkins,3129.0,15.0,8.0,75.0,-2.0,550.0,12.8,0,1,0,0,0,0,0,0,0,0,75.0
622,417-2021-22,arthurmasuaku,645.0,1.0,1.0,45.0,-1.0,145.0,0.1,1,0,0,0,0,0,0,0,0,0,45.0
393,459-2020-21,conorcoady,3303.0,1.0,0.0,50.0,-1.0,606.0,6.3,1,0,0,0,0,0,0,0,0,0,50.0
856,354-2022-23,chriswood,807.0,3.0,0.0,60.0,-4.0,163.0,0.5,0,1,0,0,0,0,0,0,0,0,70.0
107,280-2017-18,anthonymartial,1572.0,9.0,6.0,80.0,-2.0,403.0,2.6,0,1,0,0,0,0,0,1,0,0,95.0
862,21-2022-23,ainsleymaitland-niles,1400.0,0.0,1.0,50.0,-2.0,202.0,0.0,0,0,0,1,0,0,0,0,0,0,55.0
524,222-2021-22,jordanhenderson,2592.0,2.0,5.0,50.0,-1.0,507.0,1.8,0,0,0,1,0,1,0,0,0,0,55.0
784,227-2022-23,patrickbamford,1510.0,4.0,5.0,75.0,-4.0,157.0,0.4,0,1,0,0,0,0,0,0,0,0,80.0
47,133-2017-18,connorwickham,0.0,0.0,0.0,55.0,-1.0,0.0,0.0,0,1,0,0,0,0,0,0,0,0,60.0
203,55-2020-21,dalestephens,257.0,0.0,0.0,45.0,-3.0,33.0,3.1,0,0,0,1,0,0,0,0,0,0,45.0
844,361-2022-23,dwightgayle,0.0,0.0,0.0,45.0,0.0,0.0,0.0,0,1,0,0,0,0,0,0,1,0,55.0
631,428-2021-22,willyboly,900.0,0.0,0.0,50.0,-1.0,165.0,0.1,1,0,0,0,0,0,0,0,0,0,55.0
21,74-2017-18,tomheaton,305.0,0.0,0.0,50.0,-3.0,48.0,1.7,0,0,1,0,0,0,0,0,0,0,45.0
402,11-2021-22,seadkolasinac,91.0,0.0,0.0,45.0,-3.0,6.0,0.1,1,0,0,0,0,0,0,0,0,0,50.0
83,228-2017-18,adamlallana,234.0,0.0,0.0,75.0,-2.0,37.0,0.3,0,0,0,1,0,1,0,0,0,0,70.0
130,449-2017-18,andréayew,1834.0,3.0,5.0,70.0,-2.0,249.0,1.0,0,0,0,1,0,0,0,0,0,0,75.0
415,53-2021-22,adamlallana,1559.0,0.0,1.0,55.0,-2.0,240.0,0.1,0,0,0,1,0,0,0,0,0,0,65.0
741,187-2022-23,jean-philippegbamin,0.0,0.0,0.0,45.0,0.0,0.0,0.0,0,0,0,1,0,0,0,0,0,0,45.0
697,131-2022-23,rossbarkley,0.0,0.0,0.0,50.0,-1.0,0.0,0.0,0,0,0,1,1,0,0,0,0,0,55.0
286,261-2020-21,nabykeita,517.0,0.0,0.0,55.0,-3.0,78.0,0.2,0,0,0,1,0,1,0,0,0,0,60.0
123,326-2017-18,charlieaustin,1024.0,7.0,1.0,65.0,-7.0,215.0,1.4,0,1,0,0,0,0,0,0,0,0,65.0
33,98-2017-18,garycahill,2082.0,0.0,0.0,65.0,-3.0,447.0,3.0,1,0,0,0,1,0,0,0,0,0,60.0
890,439-2022-23,japhettanganga,145.0,0.0,0.0,40.0,-2.0,32.0,2.5,1,0,0,0,0,0,0,0,0,1,45.0
516,194-2021-22,robinkoch,1572.0,0.0,0.0,45.0,-2.0,186.0,0.1,1,0,0,0,0,0,0,0,0,0,45.0
19,50-2017-18,lysmousset,581.0,2.0,0.0,50.0,-1.0,106.0,0.2,0,1,0,0,0,0,0,0,0,0,55.0
845,362-2022-23,pauldummett,0.0,0.0,0.0,40.0,-1.0,0.0,0.3,1,0,0,0,0,0,0,0,1,0,45.0
219,125-2020-21,garycahill,1800.0,1.0,1.0,45.0,0.0,308.0,0.2,1,0,0,0,0,0,0,0,0,0,45.0
912,484-2022-23,maxkilman,3307.0,0.0,1.0,45.0,-2.0,622.0,3.1,1,0,0,0,0,0,0,0,0,0,45.0
481,482-2021-22,androstownsend,1452.0,3.0,2.0,55.0,-3.0,252.0,2.1,0,0,0,1,0,0,0,0,0,0,60.0
356,389-2020-21,sergeaurier,1605.0,2.0,3.0,55.0,-3.0,370.0,1.5,1,0,0,0,0,0,0,0,0,1,50.0
661,538-2022-23,ashleyyoung,2031.0,1.0,0.0,45.0,-2.0,388.0,0.8,1,0,0,0,0,0,0,0,0,0,50.0
224,130-2020-21,jamesmcarthur,1465.0,0.0,2.0,55.0,-3.0,228.0,0.1,0,0,0,1,0,0,0,0,0,0,55.0
759,250-2022-23,ryanbertrand,0.0,0.0,0.0,40.0,-1.0,0.0,0.0,1,0,0,0,0,0,0,0,0,0,50.0
92,246-2017-18,fabiandelph,1740.0,1.0,2.0,45.0,0.0,398.0,0.5,0,0,0,1,0,0,1,0,0,0,50.0
151,421-2017-18,benfoster,3330.0,0.0,0.0,45.0,-2.0,635.0,9.4,0,0,1,0,0,0,0,0,0,0,45.0
896,30-2022-23,dannyings,1579.0,8.0,2.0,70.0,-7.0,317.0,1.4,0,1,0,0,0,0,0,0,0,0,80.0
317,347-2020-21,endastevens,2700.0,0.0,1.0,55.0,-5.0,361.0,0.8,1,0,0,0,0,0,0,0,0,0,50.0
448,137-2021-22,christianpulisic,1282.0,6.0,2.0,80.0,-1.0,206.0,0.7,0,0,0,1,1,0,0,0,0,0,85.0
803,286-2022-23,josephgomez,1461.0,0.0,0.0,45.0,-2.0,337.0,0.8,1,0,0,0,0,1,0,0,0,0,50.0
745,191-2022-23,dominiccalvert-lewin,1166.0,2.0,1.0,80.0,-1.0,89.0,0.3,0,1,0,0,0,0,0,0,0,0,80.0
522,552-2021-22,adamforshaw,1526.0,0.0,1.0,45.0,0.0,204.0,0.1,0,0,0,1,0,0,0,0,0,0,50.0
279,249-2020-21,robertofirmino,2837.0,9.0,8.0,95.0,-4.0,615.0,5.7,0,1,0,0,0,1,0,0,0,0,95.0
583,346-2021-22,nathantella,802.0,0.0,2.0,50.0,-3.0,81.0,0.0,0,0,0,1,0,0,0,0,0,0,45.0
764,255-2022-23,jamievardy,1841.0,3.0,5.0,95.0,-4.0,206.0,2.3,0,1,0,0,0,0,0,0,0,0,105.0
604,369-2021-22,stevenbergwijn,548.0,3.0,2.0,60.0,-1.0,138.0,0.4,0,0,0,1,0,0,0,0,0,1,75.0
349,523-2020-21,fraserforster,720.0,0.0,0.0,40.0,0.0,147.0,7.0,0,0,1,0,0,0,0,0,0,0,45.0
374,446-2020-21,gradydiangana,1230.0,1.0,0.0,55.0,-5.0,113.0,0.2,0,0,0,1,0,0,0,0,0,0,45.0
400,6-2021-22,alexandrelacazette,1773.0,4.0,8.0,85.0,-4.0,295.0,3.1,0,1,0,0,0,0,0,0,0,0,85.0
704,141-2022-23,trevohchalobah,1601.0,0.0,0.0,50.0,-6.0,318.0,0.6,1,0,0,0,1,0,0,0,0,0,50.0
257,219-2020-21,jonnyevans,2473.0,2.0,2.0,55.0,1.0,536.0,1.4,1,0,0,0,0,0,0,0,0,0,50.0
851,372-2022-23,jamallewis,9.0,0.0,0.0,45.0,-1.0,6.0,0.1,1,0,0,0,0,0,0,0,1,0,45.0
72,209-2017-18,jamievardy,3248.0,20.0,2.0,85.0,3.0,674.0,21.7,0,1,0,0,0,0,0,0,0,0,100.0
195,64-2020-21,florinandone,0.0,0.0,0.0,50.0,-2.0,0.0,0.1,0,1,0,0,0,0,0,0,0,0,50.0
483,502-2021-22,jonjoekenny,1015.0,0.0,1.0,45.0,-2.0,147.0,0.1,1,0,0,0,0,0,0,0,0,0,45.0
855,349-2022-23,jonjoshelvey,573.0,0.0,0.0,50.0,-2.0,67.0,0.0,0,0,0,1,0,0,0,0,0,0,55.0
137,386-2017-18,eriklamela,826.0,2.0,4.0,65.0,-2.0,186.0,0.1,0,0,0,1,0,0,0,0,0,1,70.0
494,205-2021-22,jamievardy,1801.0,15.0,3.0,105.0,-2.0,480.0,12.0,0,1,0,0,0,0,0,0,0,0,100.0
772,265-2022-23,wilfredndidi,1672.0,0.0,0.0,50.0,-2.0,257.0,0.2,0,0,0,1,0,0,0,0,0,0,50.0
550,295-2021-22,martindubravka,2340.0,0.0,0.0,45.0,-1.0,465.0,2.8,0,0,1,0,0,0,0,0,1,0,50.0
462,154-2021-22,wilfriedzaha,2759.0,14.0,2.0,70.0,-1.0,422.0,8.5,0,0,0,1,0,0,0,0,0,0,70.0
201,73-2020-21,matthewclarke,0.0,0.0,0.0,45.0,-1.0,0.0,0.0,1,0,0,0,0,0,0,0,0,0,45.0
312,262-2020-21,rhianbrewster,1113.0,0.0,0.0,45.0,-3.0,87.0,5.0,0,1,0,0,0,0,0,0,0,0,45.0
290,321-2020-21,jonjoshelvey,2616.0,1.0,3.0,55.0,-2.0,377.0,0.2,0,0,0,1,0,0,0,0,1,0,50.0
189,53-2020-21,glennmurray,0.0,0.0,0.0,50.0,-2.0,0.0,0.1,0,1,0,0,0,0,0,0,0,0,60.0
763,254-2022-23,dannyward,2340.0,0.0,0.0,40.0,-2.0,485.0,18.4,0,0,1,0,0,0,0,0,0,0,40.0
112,288-2017-18,deandreyedlin,2842.0,0.0,2.0,45.0,0.0,467.0,1.7,1,0,0,0,0,0,0,0,1,0,45.0
183,19-2020-21,lucastorreira,0.0,0.0,0.0,50.0,-3.0,0.0,0.1,0,0,0,1,0,0,0,0,0,0,50.0
152,423-2017-18,jonnyevans,2269.0,2.0,2.0,50.0,-1.0,455.0,1.0,1,0,0,0,0,0,0,0,0,0,45.0
824,330-2022-23,harrymaguire,762.0,0.0,0.0,50.0,-3.0,201.0,0.4,1,0,0,0,0,0,0,1,0,0,55.0
325,357-2020-21,olivermcburnie,1316.0,1.0,2.0,60.0,-4.0,101.0,0.2,0,1,0,0,0,0,0,0,0,0,60.0
703,140-2022-23,christianpulisic,805.0,1.0,1.0,60.0,-4.0,102.0,0.4,0,0,0,1,1,0,0,0,0,0,80.0
44,126-2017-18,wilfriedzaha,2549.0,9.0,7.0,70.0,1.0,404.0,10.6,0,0,0,1,0,0,0,0,0,0,55.0
444,133-2021-22,andreaschristensen,1494.0,0.0,0.0,50.0,-4.0,343.0,1.4,1,0,0,0,1,0,0,0,0,0,50.0
787,230-2022-23,robinkoch,3175.0,0.0,0.0,45.0,0.0,447.0,0.2,1,0,0,0,0,0,0,0,0,0,45.0
6,23-2017-18,granitxhaka,3259.0,1.0,8.0,55.0,-4.0,593.0,7.0,0,0,0,1,0,0,0,0,0,0,55.0
250,169-2020-21,moisekean,13.0,0.0,0.0,60.0,-3.0,1.0,0.2,0,1,0,0,0,0,0,0,0,0,70.0
823,162-2022-23,jackbutland,0.0,0.0,0.0,45.0,-1.0,0.0,0.1,0,0,1,0,0,0,0,1,0,0,45.0
75,19-2017-18,alexoxlade-chamberlain,1718.0,3.0,7.0,60.0,-5.0,423.0,2.2,0,0,0,1,0,1,0,0,0,0,60.0
512,188-2021-22,stuartdallas,2920.0,1.0,1.0,55.0,-6.0,473.0,2.7,0,0,0,1,0,0,0,0,0,0,45.0
391,456-2020-21,ryanbennett,0.0,0.0,0.0,45.0,-1.0,0.0,0.1,1,0,0,0,0,0,0,0,0,0,50.0
895,447-2022-23,danescarlett,0.0,0.0,0.0,45.0,0.0,0.0,0.0,0,1,0,0,0,0,0,0,0,1,45.0
432,102-2021-22,dalestephens,123.0,0.0,0.0,45.0,-1.0,11.0,0.0,0,0,0,1,0,0,0,0,0,0,45.0
68,200-2017-18,marcalbrighton,2533.0,2.0,8.0,55.0,0.0,458.0,2.2,0,0,0,1,0,0,0,0,0,0,55.0
167,450-2017-18,marknoble,2400.0,4.0,0.0,55.0,-2.0,461.0,0.3,0,0,0,1,0,0,0,0,0,0,65.0
730,169-2022-23,eberechieze,2631.0,10.0,5.0,55.0,2.0,580.0,12.8,0,0,0,1,0,0,0,0,0,0,60.0
554,299-2021-22,jamaallascelles,2055.0,1.0,1.0,45.0,-1.0,284.0,0.2,1,0,0,0,0,0,0,0,1,0,45.0
366,406-2020-21,juanfoyth,0.0,0.0,0.0,45.0,-2.0,0.0,0.1,1,0,0,0,0,0,0,0,0,1,50.0
345,377-2020-21,cheadams,2662.0,9.0,7.0,60.0,-3.0,443.0,4.1,0,1,0,0,0,0,0,0,0,0,60.0
584,347-2021-22,williamsmallbone,132.0,0.0,0.0,45.0,0.0,25.0,0.0,0,0,0,1,0,0,0,0,0,0,45.0
535,239-2021-22,nabykeita,1169.0,3.0,2.0,50.0,0.0,262.0,0.2,0,0,0,1,0,1,0,0,0,0,55.0
398,1-2021-22,berndleno,360.0,0.0,0.0,50.0,-5.0,69.0,0.8,0,0,1,0,0,0,0,0,0,0,50.0
185,22-2020-21,edwardnketiah,411.0,2.0,1.0,60.0,-7.0,120.0,0.5,0,1,0,0,0,0,0,0,0,0,45.0
348,382-2020-21,moussadjenepo,1229.0,1.0,2.0,55.0,-1.0,140.0,0.1,0,0,0,1,0,0,0,0,0,0,55.0
615,408-2021-22,lukaszfabianski,3330.0,0.0,0.0,50.0,0.0,661.0,2.8,0,0,1,0,0,0,0,0,0,0,50.0
211,118-2020-21,tammyabraham,1031.0,6.0,2.0,75.0,-4.0,224.0,2.0,0,1,0,0,1,0,0,0,0,0,70.0
579,341-2021-22,jamesward-prowse,3215.0,10.0,5.0,65.0,-1.0,769.0,5.3,0,0,0,1,0,0,0,0,0,0,60.0
502,215-2021-22,harveybarnes,2095.0,6.0,12.0,70.0,-5.0,377.0,4.2,0,0,0,1,0,0,0,0,0,0,70.0
537,244-2021-22,curtisjones,849.0,1.0,1.0,50.0,0.0,177.0,0.1,0,0,0,1,0,1,0,0,0,0,45.0
196,65-2020-21,solomonmarch,1670.0,2.0,2.0,50.0,-1.0,283.0,0.4,0,0,0,1,0,0,0,0,0,0,50.0
175,6-2020-21,alexandrelacazette,1916.0,13.0,3.0,85.0,-1.0,452.0,4.3,0,1,0,0,0,0,0,0,0,0,95.0
